region_code,region_name,Vaccine,Coverage_2015,Coverage_2016,Coverage_2017,Coverage_2018,Coverage_2019,Coverage_2020,Coverage_2021,Not Covered_2015,Not Covered_2016,Not Covered_2017,Not Covered_2018,Not Covered_2019,Not Covered_2020,Not Covered_2021,Target_2015,Target_2016,Target_2017,Target_2018,Target_2019,Target_2020,Target_2021,Unvaccinated_2015,Unvaccinated_2016,Unvaccinated_2017,Unvaccinated_2018,Unvaccinated_2019,Unvaccinated_2020,Unvaccinated_2021,Vaccinated_2015,Vaccinated_2016,Vaccinated_2017,Vaccinated_2018,Vaccinated_2019,Vaccinated_2020,Vaccinated_2021
AFR,Africa,BCG,78.02654033264564,80.84482326397593,82.1145417836214,81.88677420134943,81.90700328055912,81.55926959049249,77.2263515073173,21.973459667354362,19.155176736024075,17.885458216378595,18.113225798650575,18.092996719440876,18.44073040950751,22.773648492682696,39261000.0,39890000.0,40614000.0,41351000.0,42066000.0,42661000.0,43322000.0,8627000.0,7641000.0,7264000.0,7490000.0,7611000.0,7867000.0,9866000.0,30634000.0,32249000.0,33350000.0,33861000.0,34455000.0,34794000.0,33456000.0
AFR,Africa,DTP1,79.31328414267068,81.45326001571091,81.77682976973685,82.23976195279403,82.61386432870198,81.3785531291936,80.08355542750127,20.686715857329318,18.54673998428909,18.22317023026315,17.760238047205974,17.38613567129802,18.621446870806395,19.916444572498733,37541000.0,38190000.0,38912000.0,39656000.0,40377000.0,40985000.0,41649000.0,7766000.0,7083000.0,7091000.0,7043000.0,7020000.0,7632000.0,8295000.0,29775000.0,31107000.0,31821000.0,32613000.0,33357000.0,33353000.0,33354000.0
AFR,Africa,DTP3,71.01835326709465,73.50615344330976,73.9026521381579,73.98376033891466,74.65884042895709,72.77296571916555,70.70998103195755,28.981646732905347,26.493846556690244,26.097347861842096,26.016239661085336,25.34115957104291,27.227034280834445,29.290018968042446,37541000.0,38190000.0,38912000.0,39656000.0,40377000.0,40985000.0,41649000.0,10880000.0,10118000.0,10155000.0,10317000.0,10232000.0,11159000.0,12199000.0,26661000.0,28072000.0,28757000.0,29339000.0,30145000.0,29826000.0,29450000.0
AFR,Africa,Hepb3,70.89848432380597,73.37784760408483,73.75873766447368,73.95350010086746,74.55234415632663,72.67536903745273,70.6019352205335,29.101515676194026,26.622152395915165,26.241262335526315,26.04649989913254,25.447655843673374,27.324630962547275,29.398064779466495,37541000.0,38190000.0,38912000.0,39656000.0,40377000.0,40985000.0,41649000.0,10925000.0,10167000.0,10211000.0,10329000.0,10275000.0,11199000.0,12244000.0,26616000.0,28023000.0,28701000.0,29327000.0,30102000.0,29786000.0,29405000.0
AFR,Africa,Hepbb,38.84435937313076,40.10897364616925,40.819240061497915,49.99457052883049,54.77052549173109,57.748957850856875,59.42213338179175,61.15564062686924,59.89102635383075,59.180759938502085,50.00542947116951,45.22947450826891,42.251042149143125,40.57786661820825,8359000.0,8993000.0,9106000.0,9209000.0,10219000.0,10795000.0,11006000.0,5112000.0,5386000.0,5389000.0,4605000.0,4622000.0,4561000.0,4466000.0,3247000.0,3607000.0,3717000.0,4604000.0,5597000.0,6234000.0,6540000.0
AFR,Africa,Hib3,70.89848432380597,73.42236187483634,73.75873766447368,73.95350010086746,74.55234415632663,72.6021715261681,70.6019352205335,29.101515676194026,26.57763812516366,26.241262335526315,26.04649989913254,25.447655843673374,27.397828473831893,29.398064779466495,37541000.0,38190000.0,38912000.0,39656000.0,40377000.0,40985000.0,41649000.0,10925000.0,10150000.0,10211000.0,10329000.0,10275000.0,11229000.0,12244000.0,26616000.0,28040000.0,28701000.0,29327000.0,30102000.0,29756000.0,29405000.0
AFR,Africa,IPV1,37.73967551622419,57.941629390628435,57.517087903354,62.60691514177596,73.59883101765857,73.31462730267171,71.06773271867272,62.26032448377581,42.058370609371565,42.482912096646,37.39308485822404,26.40116898234143,26.68537269732829,28.932267281327285,21696000.0,27274000.0,31455000.0,38582000.0,40377000.0,40985000.0,41649000.0,13508000.0,11471000.0,13363000.0,14427000.0,10660000.0,10937000.0,12050000.0,8188000.0,15803000.0,18092000.0,24155000.0,29717000.0,30048000.0,29599000.0
AFR,Africa,MCV1,68.3359526917237,68.09636030374445,69.57493832236842,69.23290296550333,70.09931396587166,68.90813712333781,66.68107277485655,31.664047308276295,31.903639696255553,30.425061677631575,30.767097034496672,29.90068603412834,31.09186287666219,33.318927225143455,37541000.0,38190000.0,38912000.0,39656000.0,40377000.0,40985000.0,41649000.0,11887000.0,12184000.0,11839000.0,12201000.0,12073000.0,12743000.0,13877000.0,25654000.0,26006000.0,27073000.0,27455000.0,28304000.0,28242000.0,27772000.0
AFR,Africa,MCV2,49.46728889671569,56.7906940913643,62.43350565670188,64.58703374777976,45.83948008452614,52.04047838086476,51.69794146478084,50.53271110328431,43.2093059086357,37.56649434329812,35.412966252220244,54.16051991547386,47.95952161913524,48.30205853521916,11357000.0,12981000.0,13347000.0,13512000.0,25081000.0,27175000.0,28564000.0,5739000.0,5609000.0,5014000.0,4785000.0,13584000.0,13033000.0,13797000.0,5618000.0,7372000.0,8333000.0,8727000.0,11497000.0,14142000.0,14767000.0
AFR,Africa,PCV3,64.19984121583305,69.33783783783784,72.32992971754409,72.86836832930034,72.99818539627367,71.04474605292978,68.50856109225165,35.80015878416695,30.66216216216216,27.67007028245591,27.13163167069966,27.00181460372633,28.95525394707022,31.491438907748346,35268000.0,37000000.0,37705000.0,38433000.0,39127000.0,39713000.0,40357000.0,12626000.0,11345000.0,10433000.0,10427500.0,10565000.0,11499000.0,12709000.0,22642000.0,25655000.0,27272000.0,28005500.0,28562000.0,28214000.0,27648000.0
AFR,Africa,Pol3,71.53778535467889,72.60277559570568,73.30900493421053,73.27768811781318,74.33439829605963,71.10162254483348,69.43744147518548,28.46221464532111,27.39722440429432,26.690995065789465,26.722311882186816,25.665601703940368,28.898377455166525,30.56255852481452,37541000.0,38190000.0,38912000.0,39656000.0,40377000.0,40985000.0,41649000.0,10685000.0,10463000.0,10386000.0,10597000.0,10363000.0,11844000.0,12729000.0,26856000.0,27727000.0,28526000.0,29059000.0,30014000.0,29141000.0,28920000.0
AFR,Africa,RCV1,87.91629162916291,87.97216699801193,87.95616867234126,81.9120705730474,81.4505165851006,79.95216741405082,78.70304748405387,12.083708370837087,12.027833001988071,12.043831327658737,18.0879294269526,18.5494834148994,20.04783258594918,21.29695251594613,4444000.0,5030000.0,10221000.0,13943000.0,14712000.0,16725000.0,16932000.0,537000.0,605000.0,1231000.0,2522000.0,2729000.0,3353000.0,3606000.0,3907000.0,4425000.0,8990000.0,11421000.0,11983000.0,13372000.0,13326000.0
AFR,Africa,Rotac,68.29345754816853,75.65028901734104,74.80366364610738,73.90956382553021,60.939308748139574,65.06561427150511,69.19389428535385,31.706542451831467,24.349710982658962,25.19633635389262,26.090436174469787,39.060691251860426,34.93438572849489,30.80610571464615,18892000.0,19376000.0,20526000.0,22491000.0,30235000.0,31167000.0,31708000.0,5990000.0,4718000.0,5171800.0,5868000.0,11810000.0,10888000.0,9768000.0,12902000.0,14658000.0,15354200.0,16623000.0,18425000.0,20279000.0,21940000.0
AFR,Africa,YFV,54.90605427974948,51.571141791961985,55.61083249749248,59.596078894531715,60.75822050290135,59.20027367060702,58.42654735272185,45.09394572025052,48.428858208038015,44.38916750250752,40.403921105468285,39.24177949709865,40.79972632939298,41.57345264727815,23950000.0,24409000.0,24925000.0,25401000.0,25850000.0,26309000.0,26820000.0,10800000.0,11821000.0,11064000.0,10263000.0,10144000.0,10734000.0,11150000.0,13150000.0,12588000.0,13861000.0,15138000.0,15706000.0,15575000.0,15670000.0
AMR,Americas,BCG,96.21190544004557,92.90972491282449,92.13854835571122,91.97051597051598,83.59979889391654,68.30942622950819,80.56364392678869,3.7880945599544305,7.090275087175513,7.861451644288778,8.029484029484024,16.400201106083458,31.69057377049181,19.436356073211314,10533000.0,10324000.0,10278000.0,10175000.0,9945000.0,9760000.0,9616000.0,399000.0,732000.0,808000.0,817000.0,1631000.0,3093000.0,1869000.0,10134000.0,9592000.0,9470000.0,9358000.0,8314000.0,6667000.0,7747000.0
AMR,Americas,DTP1,96.69035532994924,95.88466038125387,95.46117010201957,91.70529568759657,89.06552094522019,88.17392573137813,86.12436678657954,3.3096446700507585,4.115339618746134,4.538829897980435,8.294704312403425,10.934479054779814,11.826074268621866,13.875633213420457,14775000.0,14531000.0,14409000.0,14238000.0,13965000.0,13707000.0,13621000.0,489000.0,598000.0,654000.0,1181000.0,1527000.0,1621000.0,1890000.0,14286000.0,13933000.0,13755000.0,13057000.0,12438000.0,12086000.0,11731000.0
AMR,Americas,DTP3,91.29610829103216,90.98479113619159,88.27815948365605,88.06012080348363,83.66630862871465,80.65951703509155,80.17032523309595,8.703891708967845,9.015208863808411,11.721840516343946,11.939879196516372,16.333691371285354,19.340482964908446,19.82967476690405,14775000.0,14531000.0,14409000.0,14238000.0,13965000.0,13707000.0,13621000.0,1286000.0,1310000.0,1689000.0,1700000.0,2281000.0,2651000.0,2701000.0,13489000.0,13221000.0,12720000.0,12538000.0,11684000.0,11056000.0,10920000.0
AMR,Americas,Hepb3,88.30456852791878,88.23205560525771,83.86425150947325,83.2841691248771,79.34121016827784,80.58656161085577,79.59768005285956,11.695431472081225,11.767944394742287,16.13574849052675,16.715830875122904,20.65878983172216,19.413438389144233,20.40231994714044,14775000.0,14531000.0,14409000.0,14238000.0,13965000.0,13707000.0,13621000.0,1728000.0,1710000.0,2325000.0,2380000.0,2885000.0,2661000.0,2779000.0,13047000.0,12821000.0,12084000.0,11858000.0,11080000.0,11046000.0,10842000.0
AMR,Americas,Hepbb,77.64840618438633,71.46329606222655,71.27114769090078,74.15195489416767,71.85860259596797,65.88647400684658,65.27822322001283,22.35159381561367,28.536703937773453,28.728852309099224,25.848045105832327,28.141397404032034,34.11352599315342,34.72177677998717,10478000.0,10285000.0,10935000.0,10819000.0,10863000.0,12561000.0,12472000.0,2342000.0,2935000.0,3141500.0,2796500.0,3057000.0,4285000.0,4330500.0,8136000.0,7350000.0,7793500.0,8022500.0,7806000.0,8276000.0,8141500.0
AMR,Americas,Hib3,90.63282571912013,90.24155254283944,88.44472204871956,86.57817109144543,83.04332259219477,79.8351207412271,79.25262462374275,9.367174280879865,9.758447457160557,11.555277951280445,13.421828908554573,16.95667740780523,20.1648792587729,20.747375376257253,14775000.0,14531000.0,14409000.0,14238000.0,13965000.0,13707000.0,13621000.0,1384000.0,1418000.0,1665000.0,1911000.0,2368000.0,2764000.0,2826000.0,13391000.0,13113000.0,12744000.0,12327000.0,11597000.0,10943000.0,10795000.0
AMR,Americas,IPV1,89.8012245240292,88.29399215470374,93.78166423762926,89.1487568478719,89.00823487289654,86.40110892244839,84.77351148961164,10.198775475970805,11.706007845296256,6.218335762370742,10.851243152128106,10.991765127103463,13.598891077551613,15.226488510388364,11923000.0,14531000.0,14409000.0,14238000.0,13965000.0,13707000.0,13621000.0,1216000.0,1701000.0,896000.0,1545000.0,1535000.0,1864000.0,2074000.0,10707000.0,12830000.0,13513000.0,12693000.0,12430000.0,11843000.0,11547000.0
AMR,Americas,MCV1,92.69712351945854,92.22352212511183,88.29203969741134,91.30495856159573,87.30397422126745,85.31407310133508,84.20820791425005,7.302876480541457,7.776477874888172,11.70796030258866,8.695041438404274,12.696025778732547,14.685926898664917,15.791792085749947,14775000.0,14531000.0,14409000.0,14238000.0,13965000.0,13707000.0,13621000.0,1079000.0,1130000.0,1687000.0,1238000.0,1773000.0,2013000.0,2151000.0,13696000.0,13401000.0,12722000.0,13000000.0,12192000.0,11694000.0,11470000.0
AMR,Americas,MCV2,85.89381320642475,84.37766410912191,79.89183874139626,83.94779332615715,72.42751180040459,72.35091510771933,75.41609822646657,14.106186793575247,15.622335890878091,20.108161258603744,16.052206673842846,27.572488199595412,27.64908489228067,24.583901773533427,13448000.0,14076000.0,14238000.0,14864000.0,14830000.0,14807000.0,14660000.0,1897000.0,2199000.0,2863000.0,2386000.0,4089000.0,4094000.0,3604000.0,11551000.0,11877000.0,11375000.0,12478000.0,10741000.0,10713000.0,11056000.0
AMR,Americas,PCV3,87.61166945840313,84.91235540415867,84.30544621770557,83.24562651116484,83.0410204377446,76.78848283499447,74.68805704099822,12.388330541596872,15.087644595841326,15.694553782294435,16.754373488835157,16.958979562255394,23.21151716500553,25.311942959001783,14328000.0,14091000.0,13973000.0,14062000.0,13798000.0,13545000.0,13464000.0,1775000.0,2126000.0,2193000.0,2356000.0,2340000.0,3144000.0,3408000.0,12553000.0,11965000.0,11780000.0,11706000.0,11458000.0,10401000.0,10056000.0
AMR,Americas,Pol3,91.14720812182742,86.56665060904274,84.90526754112014,86.67649950835792,86.07232366630862,79.732983147297,78.88554438000148,8.852791878172582,13.433349390957261,15.09473245887986,13.32350049164208,13.92767633369138,20.267016852702994,21.114455619998523,14775000.0,14531000.0,14409000.0,14238000.0,13965000.0,13707000.0,13621000.0,1308000.0,1952000.0,2175000.0,1897000.0,1945000.0,2778000.0,2876000.0,13467000.0,12579000.0,12234000.0,12341000.0,12020000.0,10929000.0,10745000.0
AMR,Americas,RCV1,92.69712351945854,92.22352212511183,88.29203969741134,91.30495856159573,87.30397422126745,85.31407310133508,84.20820791425005,7.302876480541457,7.776477874888172,11.70796030258866,8.695041438404274,12.696025778732547,14.685926898664917,15.791792085749947,14775000.0,14531000.0,14409000.0,14238000.0,13965000.0,13707000.0,13621000.0,1079000.0,1130000.0,1687000.0,1238000.0,1773000.0,2013000.0,2151000.0,13696000.0,13401000.0,12722000.0,13000000.0,12192000.0,11694000.0,11470000.0
AMR,Americas,Rotac,81.25767979761474,78.0731384931708,73.43659942363112,75.95536756126022,76.02101213376739,72.832152013271,71.75810000758783,18.742320202385258,21.926861506829198,26.563400576368878,24.044632438739782,23.978987866232615,27.167847986729,28.241899992412172,13835000.0,13618000.0,13880000.0,13712000.0,13516000.0,13262000.0,13179000.0,2593000.0,2986000.0,3687000.0,3297000.0,3241000.0,3603000.0,3722000.0,11242000.0,10632000.0,10193000.0,10415000.0,10275000.0,9659000.0,9457000.0
AMR,Americas,YFV,55.04672897196262,53.026441541892325,59.54234864134753,57.35788630904723,61.43043762246897,58.281694858482666,58.5612968591692,44.95327102803738,46.973558458107675,40.45765135865247,42.64211369095277,38.56956237753103,41.718305141517334,41.4387031408308,6420000.0,6278000.0,6293000.0,6245000.0,6124000.0,5971000.0,5922000.0,2886000.0,2949000.0,2546000.0,2663000.0,2362000.0,2491000.0,2454000.0,3534000.0,3329000.0,3747000.0,3582000.0,3762000.0,3480000.0,3468000.0
EMR,E. Mediterranean,BCG,86.2472885032538,87.70084721004966,86.91370063383715,88.76271936292582,88.61756204525068,88.98136150702682,88.25027464296414,13.752711496746201,12.299152789950341,13.086299366162848,11.237280637074178,11.38243795474932,11.018638492973182,11.749725357035857,20745000.0,20538000.0,20510000.0,20343000.0,20066000.0,20066000.0,20026000.0,2853000.0,2526000.0,2684000.0,2286000.0,2284000.0,2211000.0,2353000.0,17892000.0,18012000.0,17826000.0,18057000.0,17782000.0,17855000.0,17673000.0
EMR,E. Mediterranean,DTP1,86.42652436011463,86.111942532176,87.53432180120812,89.14225309574147,89.60820324456688,86.83364791103403,88.49652493867539,13.573475639885373,13.888057467823998,12.465678198791878,10.857746904258534,10.39179675543312,13.166352088965965,11.503475061324608,20238000.0,20046000.0,20031000.0,19866000.0,19602000.0,19603000.0,19568000.0,2747000.0,2784000.0,2497000.0,2157000.0,2037000.0,2581000.0,2251000.0,17491000.0,17262000.0,17534000.0,17709000.0,17565000.0,17022000.0,17317000.0
EMR,E. Mediterranean,DTP3,80.3340251012946,81.96148857627456,82.54705206929259,84.19913419913419,85.38414447505357,81.46202111921644,82.79333605887163,19.6659748987054,18.03851142372544,17.45294793070741,15.800865800865807,14.615855524946426,18.537978880783555,17.20666394112837,20238000.0,20046000.0,20031000.0,19866000.0,19602000.0,19603000.0,19568000.0,3980000.0,3616000.0,3496000.0,3139000.0,2865000.0,3634000.0,3367000.0,16258000.0,16430000.0,16535000.0,16727000.0,16737000.0,15969000.0,16201000.0
EMR,E. Mediterranean,Hepb3,80.03261191817373,81.94652299710665,83.43567470420848,84.51625893486359,85.36373839404142,81.46202111921644,82.76778413736713,19.96738808182627,18.053477002893345,16.56432529579152,15.483741065136414,14.63626160595858,18.537978880783555,17.23221586263287,20238000.0,20046000.0,20031000.0,19866000.0,19602000.0,19603000.0,19568000.0,4041000.0,3619000.0,3318000.0,3076000.0,2869000.0,3634000.0,3372000.0,16197000.0,16427000.0,16713000.0,16790000.0,16733000.0,15969000.0,16196000.0
EMR,E. Mediterranean,Hepbb,64.82614923818205,66.12416327602048,72.3354000590493,74.09934771700954,75.98581264343835,75.51214361140444,75.96410639888902,35.173850761817945,33.87583672397952,27.664599940950694,25.900652282990464,24.01418735656165,24.48785638859556,24.035893601110985,7679000.0,7619000.0,10161000.0,9965000.0,9586000.0,9470000.0,9361000.0,2701000.0,2581000.0,2811000.0,2581000.0,2302000.0,2319000.0,2250000.0,4978000.0,5038000.0,7350000.0,7384000.0,7284000.0,7151000.0,7111000.0
EMR,E. Mediterranean,Hib3,80.06225911651349,81.97645415544248,82.56202885527432,84.20920165106212,85.38924599530661,81.45691985920523,82.79333605887163,19.937740883486512,18.023545844557518,17.43797114472568,15.790798348937884,14.61075400469339,18.54308014079477,17.20666394112837,20238000.0,20046000.0,20031000.0,19866000.0,19602000.0,19603000.0,19568000.0,4035000.0,3613000.0,3493000.0,3137000.0,2864000.0,3635000.0,3367000.0,16203000.0,16433000.0,16538000.0,16729000.0,16738000.0,15968000.0,16201000.0
EMR,E. Mediterranean,IPV1,37.88398908546783,65.11775434144795,61.8711834835708,70.3865875439304,85.77696153453729,83.30867724327909,84.0147179067866,62.11601091453217,34.88224565855205,38.1288165164292,29.613412456069597,14.223038465462707,16.691322756720908,15.9852820932134,11361000.0,12611000.0,13756000.0,17357000.0,19602000.0,19603000.0,19568000.0,7057000.0,4399000.0,5245000.0,5140000.0,2788000.0,3272000.0,3128000.0,4304000.0,8212000.0,8511000.0,12217000.0,16814000.0,16331000.0,16440000.0
EMR,E. Mediterranean,MCV1,81.19873505287084,82.29571984435798,82.79167290699417,83.67059297291856,83.57820630547903,83.11482936285263,82.00633687653311,18.801264947129155,17.704280155642024,17.208327093005835,16.329407027081444,16.42179369452097,16.885170637147368,17.993663123466888,20238000.0,20046000.0,20031000.0,19866000.0,19602000.0,19603000.0,19568000.0,3805000.0,3549000.0,3447000.0,3244000.0,3219000.0,3310000.0,3521000.0,16433000.0,16497000.0,16584000.0,16622000.0,16383000.0,16293000.0,16047000.0
EMR,E. Mediterranean,MCV2,72.08529789969995,77.42140362019688,77.96824727042565,78.14106300672991,79.87551867219918,80.61023097028858,78.06441525953721,27.914702100300048,22.578596379803116,22.03175272957435,21.858936993270092,20.124481327800822,19.389769029711417,21.935584740462787,18664000.0,18894000.0,18959000.0,18871000.0,18798000.0,18747000.0,19188000.0,5210000.0,4266000.0,4177000.0,4125000.0,3783000.0,3635000.0,4209000.0,13454000.0,14628000.0,14782000.0,14746000.0,15015000.0,15112000.0,14979000.0
EMR,E. Mediterranean,PCV3,81.30692368909718,80.48414170863151,78.5986049461002,78.15847511027096,79.289848271547,75.04970178926442,74.72493887530563,18.693076310902825,19.515858291368488,21.401395053899805,21.841524889729044,20.710151728453,24.950298210735582,25.275061124694375,11309000.0,11319000.0,12616000.0,12696000.0,12786000.0,13078000.0,13088000.0,2114000.0,2209000.0,2700000.0,2773000.0,2648000.0,3263000.0,3308000.0,9195000.0,9110000.0,9916000.0,9923000.0,10138000.0,9815000.0,9780000.0
EMR,E. Mediterranean,Pol3,80.86273347168692,82.49526089993016,82.85657231291498,82.281284606866,85.65962656871747,83.94633474468193,83.17661488143908,19.137266528313077,17.50473910006984,17.143427687085023,17.718715393134005,14.34037343128253,16.053665255318066,16.82338511856092,20238000.0,20046000.0,20031000.0,19866000.0,19602000.0,19603000.0,19568000.0,3873000.0,3509000.0,3434000.0,3520000.0,2811000.0,3147000.0,3292000.0,16365000.0,16537000.0,16597000.0,16346000.0,16791000.0,16456000.0,16276000.0
EMR,E. Mediterranean,RCV1,89.85520872508462,91.18692936088419,91.50415138057541,90.78986293264964,91.09022172269337,90.8762514191351,90.422417398578,10.144791274915377,8.813070639115807,8.495848619424592,9.21013706735036,8.909778277306629,9.123748580864898,9.577582601421994,10636000.0,10405000.0,10358000.0,10141000.0,9787000.0,9689000.0,9564000.0,1079000.0,917000.0,880000.0,934000.0,872000.0,884000.0,916000.0,9557000.0,9488000.0,9478000.0,9207000.0,8915000.0,8805000.0,8648000.0
EMR,E. Mediterranean,Rotac,71.97729422894986,78.51865883690093,45.61774023231256,66.8054355510172,76.78098207326578,79.03649860810393,79.11231184870707,28.02270577105014,21.481341163099074,54.38225976768744,33.1945644489828,23.219017926734224,20.963501391896074,20.887688151292934,5285000.0,5279000.0,11364000.0,12731000.0,12830000.0,12932000.0,12955000.0,1481000.0,1134000.0,6180000.0,4226000.0,2979000.0,2711000.0,2706000.0,3804000.0,4145000.0,5184000.0,8505000.0,9851000.0,10221000.0,10249000.0
EUR, Europe,BCG,90.90181430096051,93.0644501975746,92.8459678566349,93.51461393049296,93.07958477508652,93.67069255465526,93.19887429643528,9.09818569903949,6.935549802425399,7.1540321433651,6.485386069507044,6.920415224913484,6.329307445344739,6.801125703564722,7496000.0,7339000.0,7031000.0,6877000.0,6647000.0,6541000.0,6396000.0,682000.0,509000.0,503000.0,446000.0,460000.0,414000.0,435000.0,6814000.0,6830000.0,6528000.0,6431000.0,6187000.0,6127000.0,5961000.0
EUR, Europe,DTP1,96.10778443113772,95.42994588093806,96.51524579962664,97.5279469235663,97.48762491827776,96.89907733282602,96.68784902753707,3.8922155688622837,4.570054119061936,3.4847542003733594,2.4720530764336957,2.51237508172224,3.1009226671739754,3.3121509724629306,11690000.0,11641000.0,11249000.0,11003000.0,10707000.0,10513000.0,10386000.0,455000.0,532000.0,392000.0,272000.0,269000.0,326000.0,344000.0,11235000.0,11109000.0,10857000.0,10731000.0,10438000.0,10187000.0,10042000.0
EUR, Europe,DTP3,93.18220701454234,92.32883772871746,93.70610720952973,94.75597564300645,95.13402446997291,93.91229905830876,93.8474870017331,6.8177929854576576,7.67116227128254,6.293892790470267,5.244024356993549,4.865975530027086,6.087700941691239,6.1525129982669,11690000.0,11641000.0,11249000.0,11003000.0,10707000.0,10513000.0,10386000.0,797000.0,893000.0,708000.0,577000.0,521000.0,640000.0,639000.0,10893000.0,10748000.0,10541000.0,10426000.0,10186000.0,9873000.0,9747000.0
EUR, Europe,Hepb3,91.26103045829775,91.21853546910755,92.4975514201763,93.6568284142071,93.93419170243205,92.96404275996113,92.90696532075843,8.738969541702247,8.78146453089245,7.502448579823707,6.343171585792902,6.065808297567955,7.035957240038869,7.093034679241569,10539000.0,10488000.0,10210000.0,9995000.0,10485000.0,10290000.0,10179000.0,921000.0,921000.0,766000.0,634000.0,636000.0,724000.0,722000.0,9618000.0,9567000.0,9444000.0,9361000.0,9849000.0,9566000.0,9457000.0
EUR, Europe,Hepbb,94.0736586277809,92.15906959294692,91.0013402259238,93.11481768813033,94.77848101265823,94.03164430202283,93.37152209492635,5.926341372219099,7.840930407053079,8.998659774076202,6.88518231186967,5.221518987341767,5.968355697977174,6.628477905073652,5349000.0,5331000.0,5223000.0,5156000.0,5056000.0,4993000.0,4888000.0,317000.0,418000.0,470000.0,355000.0,264000.0,298000.0,324000.0,5032000.0,4913000.0,4753000.0,4801000.0,4792000.0,4695000.0,4564000.0
EUR, Europe,Hib3,91.6999692591454,91.46516393442623,91.4079648792725,93.34255024992024,94.51490514905149,93.52422907488986,93.4059824307795,8.300030740854595,8.53483606557377,8.592035120727502,6.657449750079763,5.485094850948514,6.47577092511014,6.594017569220497,9759000.0,9760000.0,9567000.0,9403000.0,9225000.0,9080000.0,8993000.0,810000.0,833000.0,822000.0,626000.0,506000.0,588000.0,593000.0,8949000.0,8927000.0,8745000.0,8777000.0,8719000.0,8492000.0,8400000.0
EUR, Europe,IPV1,95.13243378310845,95.61617145640527,94.67826790772966,92.1930382622921,96.50695806481741,95.60544088271664,96.41825534373196,4.867566216891547,4.383828543594731,5.321732092270338,7.806961737707894,3.493041935182589,4.3945591172833645,3.581744656268043,10005000.0,10265000.0,9884000.0,11003000.0,10707000.0,10513000.0,10386000.0,487000.0,450000.0,526000.0,859000.0,374000.0,462000.0,372000.0,9518000.0,9815000.0,9358000.0,10144000.0,10333000.0,10051000.0,10014000.0
EUR, Europe,MCV1,94.02053036783575,93.38544798556825,95.14623522090852,95.27401617740617,95.73176426636779,93.80766669837344,94.09782399383786,5.979469632164253,6.614552014431752,4.8537647790914775,4.725983822593832,4.26823573363221,6.192333301626562,5.9021760061621364,11690000.0,11641000.0,11249000.0,11003000.0,10707000.0,10513000.0,10386000.0,699000.0,770000.0,546000.0,520000.0,457000.0,651000.0,613000.0,10991000.0,10871000.0,10703000.0,10483000.0,10250000.0,9862000.0,9773000.0
EUR, Europe,MCV2,89.8019801980198,88.59108371303493,91.1428318113308,91.99268101420232,92.3839062634617,91.54471544715447,91.97366155964882,10.198019801980195,11.408916286965066,8.857168188669206,8.007318985797681,7.6160937365383035,8.455284552845526,8.026338440351182,11110000.0,11193000.0,11279000.0,11477000.0,11607000.0,11685000.0,11618000.0,1133000.0,1277000.0,999000.0,919000.0,884000.0,988000.0,932500.0,9977000.0,9916000.0,10280000.0,10558000.0,10723000.0,10697000.0,10685500.0
EUR, Europe,PCV3,89.61568627450981,79.05590654428418,88.41947244263349,89.44519621109607,90.12655579960254,88.11393863231753,90.25446098616831,10.384313725490188,20.944093455715816,11.580527557366509,10.554803788903925,9.873444200397458,11.886061367682473,9.745539013831689,6375000.0,8389000.0,9326000.0,9607000.0,9561000.0,9549000.0,9471000.0,662000.0,1757000.0,1080000.0,1014000.0,944000.0,1135000.0,923000.0,5713000.0,6632000.0,8246000.0,8593000.0,8617000.0,8414000.0,8548000.0
EUR, Europe,Pol3,94.09751924721984,93.63456747702087,93.35052004622632,94.37426156502772,94.88185299336882,94.2357081708361,94.0207972270364,5.902480752780164,6.365432522979134,6.649479953773678,5.625738434972277,5.118147006631176,5.764291829163895,5.979202772963603,11690000.0,11641000.0,11249000.0,11003000.0,10707000.0,10513000.0,10386000.0,690000.0,741000.0,748000.0,619000.0,548000.0,606000.0,621000.0,11000000.0,10900000.0,10501000.0,10384000.0,10159000.0,9907000.0,9765000.0
EUR, Europe,RCV1,94.02053036783575,93.38544798556825,95.14623522090852,95.27401617740617,95.73176426636779,93.80766669837344,94.09782399383786,5.979469632164253,6.614552014431752,4.8537647790914775,4.725983822593832,4.26823573363221,6.192333301626562,5.9021760061621364,11690000.0,11641000.0,11249000.0,11003000.0,10707000.0,10513000.0,10386000.0,699000.0,770000.0,546000.0,520000.0,457000.0,651000.0,613000.0,10991000.0,10871000.0,10703000.0,10483000.0,10250000.0,9862000.0,9773000.0
EUR, Europe,Rotac,80.64316635745207,82.41891482267354,75.55726364335126,72.9130542482041,68.04148576941631,78.39673913043478,76.86142164100401,19.356833642547926,17.581085177326457,24.442736356648737,27.086945751795895,31.95851423058369,21.60326086956522,23.138578358995986,3234000.0,3299000.0,3903000.0,4037000.0,4146000.0,4416000.0,4741000.0,626000.0,580000.0,954000.0,1093500.0,1325000.0,954000.0,1097000.0,2608000.0,2719000.0,2949000.0,2943500.0,2821000.0,3462000.0,3644000.0
REG_GLOBAL,Global,BCG,87.50180557561751,88.89000711672142,89.52348693408668,89.33188148823932,88.35512404324388,85.44737861423137,83.51873984861021,12.49819442438249,11.10999288327858,10.476513065913323,10.668118511760682,11.644875956756124,14.552621385768632,16.48126015138979,138460000.0,139109000.0,138758000.0,135919000.0,134308000.0,131667000.0,130524000.0,17305000.0,15455000.0,14537000.0,14500000.0,15640000.0,19161000.0,21512000.0,121155000.0,123654000.0,124221000.0,121419000.0,118668000.0,112506000.0,109012000.0
REG_GLOBAL,Global,DTP1,89.36429127725857,89.980985306828,90.32378865318067,90.0318516421291,90.0550705748394,87.4937914511935,86.0040179852674,10.635708722741427,10.019014693171997,9.67621134681933,9.968148357870902,9.944929425160595,12.506208548806498,13.995982014732604,143808000.0,144625000.0,144199000.0,141280000.0,139639000.0,136908000.0,135889000.0,15295000.0,14490000.0,13953000.0,14083000.0,13887000.0,17122000.0,19019000.0,128513000.0,130135000.0,130246000.0,127197000.0,125752000.0,119786000.0,116870000.0
REG_GLOBAL,Global,DTP3,84.58569759679573,85.68435609334486,85.72597590829339,85.5676670441676,85.56563710711191,82.43491980015777,80.57017124270544,15.414302403204275,14.31564390665514,14.274024091706607,14.432332955832393,14.434362892888089,17.565080199842228,19.42982875729456,143808000.0,144625000.0,144199000.0,141280000.0,139639000.0,136908000.0,135889000.0,22167000.0,20704000.0,20583000.0,20390000.0,20156000.0,24048000.0,26403000.0,121641000.0,123921000.0,123616000.0,120890000.0,119483000.0,112860000.0,109486000.0
REG_GLOBAL,Global,Hepb3,83.92521780878013,85.15050918355172,85.13610415905065,84.89253020346085,84.99609086409835,82.28774188828328,80.3570112468861,16.074782191219867,14.84949081644828,14.863895840949354,15.10746979653915,15.003909135901651,17.71225811171672,19.642988753113897,141638000.0,142483000.0,142244000.0,139388000.0,139417000.0,136685000.0,135682000.0,22768000.0,21158000.0,21143000.0,21058000.0,20918000.0,24210000.0,26652000.0,118870000.0,121325000.0,121101000.0,118330000.0,118499000.0,112475000.0,109030000.0
REG_GLOBAL,Global,Hepbb,66.38832710894947,66.709917497001,67.2597962641086,69.17357261244786,71.78956616227589,69.10635517072375,68.17592944756109,33.61167289105053,33.290082502999,32.7402037358914,30.826427387552144,28.21043383772411,30.893644829276255,31.82407055243891,80597000.0,81694000.0,90902000.0,87485000.0,86507000.0,85694000.0,84136000.0,27090000.0,27196000.0,29761500.0,26968500.0,24404000.0,26474000.0,26775500.0,53507000.0,54498000.0,61140500.0,60516500.0,62103000.0,59220000.0,57360500.0
REG_GLOBAL,Global,Hib3,73.90531875373509,81.81297124497473,83.36801366702021,83.42638443861864,83.6451334775748,80.20617051648067,78.51649995552573,26.094681246264912,18.187028755025267,16.631986332979793,16.57361556138136,16.354866522425198,19.793829483519332,21.48350004447427,123826000.0,123874000.0,123509000.0,123588000.0,122942000.0,123296000.0,123667000.0,32312000.0,22529000.0,20542000.0,20483000.0,20107000.0,24405000.0,26568000.0,91514000.0,101345000.0,102967000.0,103105000.0,102835000.0,98891000.0,97099000.0
REG_GLOBAL,Global,IPV1,43.66417551179478,61.94073435779597,69.43318409559579,75.51063412365666,83.81684199972787,81.40722236830572,80.67172471649656,56.33582448820522,38.05926564220403,30.56681590440421,24.489365876343342,16.18315800027213,18.592777631694275,19.328275283503444,87242000.0,104445000.0,127537000.0,137623000.0,139639000.0,136908000.0,135889000.0,49148500.0,39751000.0,38984000.0,33703000.0,22598000.0,25455000.0,26265000.0,38093500.0,64694000.0,88553000.0,103920000.0,117041000.0,111453000.0,109624000.0
REG_GLOBAL,Global,MCV1,84.3131119270138,84.52826274848746,84.91598416077781,85.37514156285391,85.19181603993154,82.67522715984457,80.55250976900264,15.686888072986207,15.471737251512536,15.08401583922219,14.624858437146088,14.808183960068462,17.324772840155433,19.44749023099736,143808000.0,144625000.0,144199000.0,141280000.0,139639000.0,136908000.0,135889000.0,22559000.0,22376000.0,21751000.0,20662000.0,20678000.0,23719000.0,26427000.0,121249000.0,122249000.0,122448000.0,120618000.0,118961000.0,113189000.0,109462000.0
REG_GLOBAL,Global,MCV2,76.47902131319888,79.94215473608098,81.48053714091449,82.96327021238773,77.06281663937514,76.91806345749819,75.27875598159864,23.520978686801115,20.05784526391902,18.519462859085507,17.036729787612273,22.937183360624857,23.081936542501808,24.721244018401364,115093000.0,117555000.0,117660000.0,118133000.0,130077000.0,130418000.0,129773000.0,27071000.0,23579000.0,21790000.0,20126000.0,29836000.0,30103000.0,32081500.0,88022000.0,93976000.0,95870000.0,98007000.0,100241000.0,100315000.0,97691500.0
REG_GLOBAL,Global,PCV3,71.59986880944572,74.60167766913189,77.6604172167943,59.86941525770263,62.54383934770611,62.15757230881398,61.163116045972124,28.400131190554276,25.398322330868112,22.3395827832057,40.13058474229737,37.45616065229389,37.84242769118602,38.836883954027876,76225000.0,80588000.0,83314000.0,112494000.0,112342000.0,112469000.0,112938000.0,21648000.0,20468000.0,18612000.0,45144500.0,42079000.0,42561000.0,43861600.0,54577000.0,60120000.0,64702000.0,67349500.0,70263000.0,69908000.0,69076400.0
REG_GLOBAL,Global,Pol3,84.82768691588785,84.82074330164218,85.32236700670602,85.23074745186862,85.70170224650707,82.01054722879599,80.05357313689849,15.172313084112147,15.179256698357818,14.677632993293983,14.769252548131377,14.298297753492932,17.989452771204014,19.946426863101507,143808000.0,144625000.0,144199000.0,141280000.0,139639000.0,136908000.0,135889000.0,21819000.0,21953000.0,21165000.0,20866000.0,19966000.0,24629000.0,27105000.0,121989000.0,122672000.0,123034000.0,120414000.0,119673000.0,112279000.0,108784000.0
REG_GLOBAL,Global,RCV1,92.36316645129018,93.43757728984033,69.79382909142613,89.59535928569397,91.30673499267935,88.37908841424706,86.75566310945372,7.6368335487098165,6.562422710159666,30.206170908573867,10.404640714306026,8.693265007320647,11.620911585752935,13.244336890546279,71967000.0,72778000.0,105495000.0,105501000.0,103816000.0,102393000.0,100828000.0,5496000.0,4776000.0,31866000.0,10977000.0,9025000.0,11899000.0,13354000.0,66471000.0,68002000.0,73629000.0,94524000.0,94791000.0,90494000.0,87474000.0
REG_GLOBAL,Global,Rotac,70.32036248548465,50.64272412070192,50.362698520428935,61.216198647945916,64.09823593742571,73.47393730012371,74.80942125593955,29.67963751451535,49.35727587929808,49.637301479571065,38.783801352054084,35.90176406257429,26.52606269987629,25.190578744060446,43919000.0,66047000.0,73670000.0,76920000.0,84124000.0,85678000.0,87759000.0,13035000.0,32599000.0,36567800.0,29832500.0,30202000.0,22727000.0,22107000.0,30884000.0,33448000.0,37102200.0,47087500.0,53922000.0,62951000.0,65652000.0
REG_GLOBAL,Global,YFV,54.93579189990122,51.86886955388276,56.403357037606504,59.1543955002212,60.88697066366423,59.03035935563816,58.45091930853338,45.06420810009878,48.13113044611724,43.596642962393496,40.8456044997788,39.11302933633577,40.96964064436184,41.54908069146662,30370000.0,30687000.0,31218000.0,31646000.0,31974000.0,32280000.0,32742000.0,13686000.0,14770000.0,13610000.0,12926000.0,12506000.0,13225000.0,13604000.0,16684000.0,15917000.0,17608000.0,18720000.0,19468000.0,19055000.0,19138000.0
SEAR,S.E Asia,BCG,89.18790121380316,90.40787623066105,93.03025957263732,92.8703063810182,92.6403753115379,87.26622989874926,84.70928844317096,10.812098786196842,9.592123769338954,6.96974042736268,7.129693618981804,7.359624688462105,12.733770101250741,15.290711556829038,35673000.0,35550000.0,34865000.0,34728000.0,34105000.0,33580000.0,33504000.0,3857000.0,3410000.0,2430000.0,2476000.0,2510000.0,4276000.0,5123000.0,31816000.0,32140000.0,32435000.0,32252000.0,31595000.0,29304000.0,28381000.0
SEAR,S.E Asia,DTP1,91.28667781172537,91.99549367381131,92.73315681082671,93.47120604201086,94.1091738438916,88.0157111104345,85.8210093001982,8.713322188274631,8.00450632618869,7.2668431891732865,6.528793957989137,5.890826156108403,11.984288889565505,14.178990699801801,34694000.0,34618000.0,33990000.0,33896000.0,33323000.0,32843000.0,32795000.0,3023000.0,2771000.0,2470000.0,2213000.0,1963000.0,3936000.0,4650000.0,31671000.0,31847000.0,31520000.0,31683000.0,31360000.0,28907000.0,28145000.0
SEAR,S.E Asia,DTP3,88.11033608116678,88.76307123461783,89.64107090320682,90.36759499645976,91.09023797377188,85.50984989191,82.43939624942827,11.889663918833222,11.236928765382174,10.358929096793176,9.632405003540242,8.909762026228123,14.490150108090006,17.56060375057173,34694000.0,34618000.0,33990000.0,33896000.0,33323000.0,32843000.0,32795000.0,4125000.0,3890000.0,3521000.0,3265000.0,2969000.0,4759000.0,5759000.0,30569000.0,30728000.0,30469000.0,30631000.0,30354000.0,28084000.0,27036000.0
SEAR,S.E Asia,Hepb3,88.11033608116678,88.76307123461783,89.64107090320682,90.36759499645976,91.09023797377188,85.50984989191,82.43939624942827,11.889663918833222,11.236928765382174,10.358929096793176,9.632405003540242,8.909762026228123,14.490150108090006,17.56060375057173,34694000.0,34618000.0,33990000.0,33896000.0,33323000.0,32843000.0,32795000.0,4125000.0,3890000.0,3521000.0,3265000.0,2969000.0,4759000.0,5759000.0,30569000.0,30728000.0,30469000.0,30631000.0,30354000.0,28084000.0,27036000.0
SEAR,S.E Asia,Hepbb,44.73652861057062,47.70966588534424,50.62861575256132,54.69252509501998,60.48694729160447,57.428147348535965,57.26122835497836,55.26347138942938,52.29033411465576,49.37138424743868,45.30747490498002,39.51305270839553,42.571852651464035,42.73877164502164,25183000.0,25171000.0,30941000.0,30783000.0,30147000.0,29644000.0,29568000.0,13917000.0,13162000.0,15276000.0,13947000.0,11912000.0,12620000.0,12637000.0,11266000.0,12009000.0,15665000.0,16836000.0,18235000.0,17024000.0,16931000.0
SEAR,S.E Asia,Hib3,58.07097629215138,82.86430678466077,89.44364335496276,90.23002348407299,90.97032977127284,84.47766647383004,82.03079737764904,41.92902370784862,17.13569321533923,10.55635664503724,9.769976515927013,9.029670228727156,15.522333526169959,17.969202622350963,33955000.0,33900000.0,33288000.0,33214000.0,32659000.0,32843000.0,32795000.0,14237000.0,5809000.0,3514000.0,3245000.0,2949000.0,5098000.0,5893000.0,19718000.0,28091000.0,29774000.0,29969000.0,29710000.0,27745000.0,26902000.0
SEAR,S.E Asia,IPV1,8.912143907527103,41.42182890855457,49.3056781406296,72.9850129808827,82.90370014704558,77.02706817282221,79.28342735173045,91.08785609247289,58.57817109144543,50.6943218593704,27.0149870191173,17.096299852954417,22.97293182717779,20.716572648269548,29241000.0,33900000.0,33990000.0,33896000.0,33323000.0,32843000.0,32795000.0,26635000.0,19858000.0,17231000.0,9157000.0,5697000.0,7545000.0,6794000.0,2606000.0,14042000.0,16759000.0,24739000.0,27626000.0,25298000.0,26001000.0
SEAR,S.E Asia,MCV1,88.20833573528563,89.19059448841644,90.77081494557223,92.94016993155535,93.9681301203373,88.27756295100934,85.93992986735783,11.79166426471437,10.809405511583563,9.229185054427774,7.059830068444654,6.031869879662693,11.722437048990656,14.060070132642167,34694000.0,34618000.0,33990000.0,33896000.0,33323000.0,32843000.0,32795000.0,4091000.0,3742000.0,3137000.0,2393000.0,2010000.0,3850000.0,4611000.0,30603000.0,30876000.0,30853000.0,31503000.0,31313000.0,28993000.0,28184000.0
SEAR,S.E Asia,MCV2,66.91098272541748,74.73084411865766,79.0746096009254,81.24072943024169,83.13309637811004,79.80118694362017,77.5215620507906,33.08901727458252,25.269155881342343,20.9253903990746,18.759270569758314,16.86690362188996,20.198813056379834,22.478437949209393,34791000.0,34924000.0,34580000.0,34383000.0,34043000.0,33700000.0,33392000.0,11512000.0,8825000.0,7236000.0,6450000.0,5742000.0,6807000.0,7506000.0,23279000.0,26099000.0,27344000.0,27933000.0,28301000.0,26893000.0,25886000.0
SEAR,S.E Asia,PCV3,40.790960451977405,73.16636851520573,94.39801219787667,17.378330154433026,24.522103682382753,28.908357934165004,30.147432638535843,59.209039548022595,26.833631484794267,5.6019878021233325,82.62166984556697,75.47789631761725,71.091642065835,69.85256736146415,3540000.0,4472000.0,4427000.0,32506000.0,31963000.0,31503000.0,31472000.0,2096000.0,1200000.0,248000.0,26857000.0,24125000.0,22396000.0,21984000.0,1444000.0,3272000.0,4179000.0,5649000.0,7838000.0,9107000.0,9488000.0
SEAR,S.E Asia,Pol3,87.5598086124402,87.47183546132071,90.06178287731686,90.65376445598301,90.39102121657714,85.14752001948665,82.31132794633328,12.440191387559807,12.528164538679292,9.938217122683142,9.346235544016992,9.608978783422856,14.852479980513351,17.68867205366672,34694000.0,34618000.0,33990000.0,33896000.0,33323000.0,32843000.0,32795000.0,4316000.0,4337000.0,3378000.0,3168000.0,3202000.0,4878000.0,5801000.0,30378000.0,30281000.0,30612000.0,30728000.0,30121000.0,27965000.0,26994000.0
SEAR,S.E Asia,RCV1,93.96613832853026,94.74156496769562,21.643387815750373,86.31202503352704,93.92662219526986,88.16688203802843,86.39963025727931,6.033861671469737,5.2584350323043765,78.35661218424963,13.687974966472964,6.073377804730143,11.833117961971567,13.600369742720687,5552000.0,5572000.0,33650000.0,33555000.0,32980000.0,32502000.0,32455000.0,335000.0,293000.0,26367000.0,4593000.0,2003000.0,3846000.0,4414000.0,5217000.0,5279000.0,7283000.0,28962000.0,30977000.0,28656000.0,28041000.0
SEAR,S.E Asia,Rotac,,3.9988373058716054,13.0,35.00084932903007,53.001521408389486,80.73289070480082,80.7182677547063,,96.0011626941284,87.0,64.99915067096993,46.998478591610514,19.267109295199177,19.281732245293696,,24082000.0,23600000.0,23548000.0,23005000.0,23496000.0,24754000.0,,23119000.0,20532000.0,15306000.0,10812000.0,4527000.0,4773000.0,,963000.0,3068000.0,8242000.0,12193000.0,18969000.0,19981000.0
WPR,W. Pacific,BCG,96.41645119586296,97.4988220512015,96.66928515318146,95.61149476498106,94.6738674984869,93.17907550238732,89.43374858437146,3.5835488041370382,2.5011779487984995,3.3307148468185375,4.38850523501894,5.326132501513101,6.82092449761268,10.566251415628543,24752000.0,25468000.0,25460000.0,22445000.0,21479000.0,19059000.0,17660000.0,887000.0,637000.0,848000.0,985000.0,1144000.0,1300000.0,1866000.0,23865000.0,24831000.0,24612000.0,21460000.0,20335000.0,17759000.0,15794000.0
WPR,W. Pacific,DTP1,96.72295938882188,97.17957732723934,96.68462980318651,94.62004332257636,95.05654281098546,94.67206730020253,91.10800223838837,3.2770406111781227,2.8204226727606567,3.3153701968134897,5.379956677423635,4.943457189014538,5.327932699797472,8.891997761611634,24870000.0,25599000.0,25608000.0,22621000.0,21665000.0,19257000.0,17870000.0,815000.0,722000.0,849000.0,1217000.0,1071000.0,1026000.0,1589000.0,24055000.0,24877000.0,24759000.0,21404000.0,20594000.0,18231000.0,16281000.0
WPR,W. Pacific,DTP3,95.58102131081625,96.5740849251924,96.04029990627929,93.84642588744971,94.05492730210017,93.74253518201174,90.27420257414661,4.418978689183746,3.4259150748076053,3.9597000937207127,6.153574112550288,5.945072697899832,6.257464817988264,9.725797425853386,24870000.0,25599000.0,25608000.0,22621000.0,21665000.0,19257000.0,17870000.0,1099000.0,877000.0,1014000.0,1392000.0,1288000.0,1205000.0,1738000.0,23771000.0,24722000.0,24594000.0,21229000.0,20377000.0,18052000.0,16132000.0
WPR,W. Pacific,Hepb3,95.68990817995052,96.54205607476636,95.94200550785679,93.67898054009292,94.0733902607893,93.5971335098925,90.06155567991047,4.310091820049479,3.4579439252336357,4.057994492143209,6.3210194599070775,5.926609739210704,6.402866490107499,9.93844432008953,23851000.0,24610000.0,24692000.0,21737000.0,21665000.0,19257000.0,17870000.0,1028000.0,851000.0,1002000.0,1374000.0,1284000.0,1233000.0,1776000.0,22823000.0,23759000.0,23690000.0,20363000.0,20381000.0,18024000.0,16094000.0
WPR,W. Pacific,Hepbb,88.5302985264767,88.82897715579338,89.10172807303553,87.54697721894864,89.1112618724559,86.88497613954253,83.56392138234071,11.469701473523301,11.171022844206618,10.898271926964469,12.45302278105136,10.888738127544102,13.11502386045747,16.43607861765929,23549000.0,24295000.0,24536000.0,21553000.0,20636000.0,18231000.0,16841000.0,2701000.0,2714000.0,2674000.0,2684000.0,2247000.0,2391000.0,2768000.0,20848000.0,21581000.0,21862000.0,18869000.0,18389000.0,15840000.0,14073000.0
WPR,W. Pacific,Hib3,87.8142365705213,90.5196723512824,88.53738701725554,82.87338787962835,83.90497610345797,84.58604125459169,76.63684135776168,12.185763429478698,9.480327648717605,11.46261298274446,17.126612120371647,16.09502389654203,15.413958745408308,23.363158642238318,7558000.0,7447000.0,7302000.0,7211000.0,7114000.0,7078000.0,7041000.0,921000.0,706000.0,837000.0,1235000.0,1145000.0,1091000.0,1645000.0,6637000.0,6741000.0,6465000.0,5976000.0,5969000.0,5987000.0,5396000.0
WPR,W. Pacific,IPV1,91.86007957559681,68.07639836289222,92.83367300253713,88.57941189515235,92.87329794599584,92.85973931557355,89.66424174594292,8.139920424403186,31.92360163710778,7.166326997462875,11.420588104847653,7.126702054004156,7.140260684426451,10.335758254057083,3016000.0,5864000.0,24043000.0,22547000.0,21665000.0,19257000.0,17870000.0,245500.0,1872000.0,1723000.0,2575000.0,1544000.0,1375000.0,1847000.0,2770500.0,3992000.0,22320000.0,19972000.0,20121000.0,17882000.0,16023000.0
WPR,W. Pacific,MCV1,95.9871330920788,96.08969100355482,95.72399250234301,95.28756465231422,94.71036233556427,94.017759775666,90.74426412982652,4.012866907921193,3.910308996445181,4.276007497656991,4.712435347685783,5.28963766443573,5.9822402243340065,9.255735870173481,24870000.0,25599000.0,25608000.0,22621000.0,21665000.0,19257000.0,17870000.0,998000.0,1001000.0,1095000.0,1066000.0,1146000.0,1152000.0,1654000.0,23872000.0,24598000.0,24513000.0,21555000.0,20519000.0,18105000.0,16216000.0
WPR,W. Pacific,MCV2,93.85763713408234,94.49523286381293,94.05709308310567,94.16207144569647,93.17987401819737,93.63890717577354,90.90421010245626,6.1423628659176615,5.50476713618707,5.94290691689433,5.837928554303531,6.820125981802633,6.361092824226461,9.095789897543739,25723000.0,25487000.0,25257000.0,25026000.0,25718000.0,24304000.0,22351000.0,1580000.0,1403000.0,1501000.0,1461000.0,1754000.0,1546000.0,2033000.0,24143000.0,24084000.0,23756000.0,23565000.0,23964000.0,22758000.0,20318000.0
WPR,W. Pacific,PCV3,56.05920444033302,65.56328756817754,62.82513764951585,66.91714836223507,71.47053064421382,77.87837039952765,69.9252850963429,43.94079555966698,34.43671243182246,37.17486235048415,33.08285163776493,28.529469355786176,22.121629600472346,30.074714903657096,5405000.0,5317000.0,5267000.0,5190000.0,5107000.0,5081000.0,5086000.0,2375000.0,1831000.0,1958000.0,1717000.0,1457000.0,1124000.0,1529600.0,3030000.0,3486000.0,3309000.0,3473000.0,3650000.0,3957000.0,3556400.0
WPR,W. Pacific,Pol3,96.19219943707277,96.2850111332474,95.92314901593252,95.29198532337209,94.9365335795061,92.85454639871216,90.00559597090096,3.807800562927227,3.7149888667526056,4.076850984067477,4.708014676627911,5.063466420493896,7.145453601287841,9.994404029099044,24870000.0,25599000.0,25608000.0,22621000.0,21665000.0,19257000.0,17870000.0,947000.0,951000.0,1044000.0,1065000.0,1097000.0,1376000.0,1786000.0,23923000.0,24648000.0,24564000.0,21556000.0,20568000.0,17881000.0,16084000.0
WPR,W. Pacific,RCV1,92.8950542822678,95.85530684792374,95.4896907216495,94.8278148622961,94.50265405031156,94.017759775666,90.74426412982652,7.104945717732207,4.1446931520762575,4.510309278350505,5.172185137703906,5.497345949688437,5.9822402243340065,9.255735870173481,24870000.0,25599000.0,25608000.0,22621000.0,21665000.0,19257000.0,17870000.0,1767000.0,1061000.0,1155000.0,1170000.0,1191000.0,1152000.0,1654000.0,23103000.0,24538000.0,24453000.0,21451000.0,20474000.0,18105000.0,16216000.0
WPR,W. Pacific,Rotac,12.270856715301159,84.22391857506362,89.16876574307305,89.52618453865337,91.07142857142857,89.13580246913581,90.28436018957346,87.72914328469884,15.776081424936379,10.831234256926948,10.473815461346632,8.92857142857143,10.864197530864189,9.715639810426538,2673000.0,393000.0,397000.0,401000.0,392000.0,405000.0,422000.0,2345000.0,62000.0,43000.0,42000.0,35000.0,44000.0,41000.0,328000.0,331000.0,354000.0,359000.0,357000.0,361000.0,381000.0
