region_code,Year,Vaccine,Vaccinated,Target,Coverage,Not Covered,Unvaccinated,region_name
AFR,2015,BCG,30634000.0,39261000.0,78.02654033264564,21.973459667354362,8627000.0,Africa
AFR,2015,DTP1,29775000.0,37541000.0,79.31328414267068,20.686715857329318,7766000.0,Africa
AFR,2015,DTP3,26661000.0,37541000.0,71.01835326709465,28.981646732905347,10880000.0,Africa
AFR,2015,Hepb3,26616000.0,37541000.0,70.89848432380597,29.101515676194026,10925000.0,Africa
AFR,2015,Hepbb,3247000.0,8359000.0,38.84435937313076,61.15564062686924,5112000.0,Africa
AFR,2015,Hib3,26616000.0,37541000.0,70.89848432380597,29.101515676194026,10925000.0,Africa
AFR,2015,IPV1,8188000.0,21696000.0,37.73967551622419,62.26032448377581,13508000.0,Africa
AFR,2015,MCV1,25654000.0,37541000.0,68.3359526917237,31.664047308276295,11887000.0,Africa
AFR,2015,MCV2,5618000.0,11357000.0,49.46728889671569,50.53271110328431,5739000.0,Africa
AFR,2015,PCV3,22642000.0,35268000.0,64.19984121583305,35.80015878416695,12626000.0,Africa
AFR,2015,Pol3,26856000.0,37541000.0,71.53778535467889,28.46221464532111,10685000.0,Africa
AFR,2015,RCV1,3907000.0,4444000.0,87.91629162916291,12.083708370837087,537000.0,Africa
AFR,2015,Rotac,12902000.0,18892000.0,68.29345754816853,31.706542451831467,5990000.0,Africa
AFR,2015,YFV,13150000.0,23950000.0,54.90605427974948,45.09394572025052,10800000.0,Africa
AFR,2016,BCG,32249000.0,39890000.0,80.84482326397593,19.155176736024075,7641000.0,Africa
AFR,2016,DTP1,31107000.0,38190000.0,81.45326001571091,18.54673998428909,7083000.0,Africa
AFR,2016,DTP3,28072000.0,38190000.0,73.50615344330976,26.493846556690244,10118000.0,Africa
AFR,2016,Hepb3,28023000.0,38190000.0,73.37784760408483,26.622152395915165,10167000.0,Africa
AFR,2016,Hepbb,3607000.0,8993000.0,40.10897364616925,59.89102635383075,5386000.0,Africa
AFR,2016,Hib3,28040000.0,38190000.0,73.42236187483634,26.57763812516366,10150000.0,Africa
AFR,2016,IPV1,15803000.0,27274000.0,57.941629390628435,42.058370609371565,11471000.0,Africa
AFR,2016,MCV1,26006000.0,38190000.0,68.09636030374445,31.903639696255553,12184000.0,Africa
AFR,2016,MCV2,7372000.0,12981000.0,56.7906940913643,43.2093059086357,5609000.0,Africa
AFR,2016,PCV3,25655000.0,37000000.0,69.33783783783784,30.66216216216216,11345000.0,Africa
AFR,2016,Pol3,27727000.0,38190000.0,72.60277559570568,27.39722440429432,10463000.0,Africa
AFR,2016,RCV1,4425000.0,5030000.0,87.97216699801193,12.027833001988071,605000.0,Africa
AFR,2016,Rotac,14658000.0,19376000.0,75.65028901734104,24.349710982658962,4718000.0,Africa
AFR,2016,YFV,12588000.0,24409000.0,51.571141791961985,48.428858208038015,11821000.0,Africa
AFR,2017,BCG,33350000.0,40614000.0,82.1145417836214,17.885458216378595,7264000.0,Africa
AFR,2017,DTP1,31821000.0,38912000.0,81.77682976973685,18.22317023026315,7091000.0,Africa
AFR,2017,DTP3,28757000.0,38912000.0,73.9026521381579,26.097347861842096,10155000.0,Africa
AFR,2017,Hepb3,28701000.0,38912000.0,73.75873766447368,26.241262335526315,10211000.0,Africa
AFR,2017,Hepbb,3717000.0,9106000.0,40.819240061497915,59.180759938502085,5389000.0,Africa
AFR,2017,Hib3,28701000.0,38912000.0,73.75873766447368,26.241262335526315,10211000.0,Africa
AFR,2017,IPV1,18092000.0,31455000.0,57.517087903354,42.482912096646,13363000.0,Africa
AFR,2017,MCV1,27073000.0,38912000.0,69.57493832236842,30.425061677631575,11839000.0,Africa
AFR,2017,MCV2,8333000.0,13347000.0,62.43350565670188,37.56649434329812,5014000.0,Africa
AFR,2017,PCV3,27272000.0,37705000.0,72.32992971754409,27.67007028245591,10433000.0,Africa
AFR,2017,Pol3,28526000.0,38912000.0,73.30900493421053,26.690995065789465,10386000.0,Africa
AFR,2017,RCV1,8990000.0,10221000.0,87.95616867234126,12.043831327658737,1231000.0,Africa
AFR,2017,Rotac,15354200.0,20526000.0,74.80366364610738,25.19633635389262,5171800.0,Africa
AFR,2017,YFV,13861000.0,24925000.0,55.61083249749248,44.38916750250752,11064000.0,Africa
AFR,2018,BCG,33861000.0,41351000.0,81.88677420134943,18.113225798650575,7490000.0,Africa
AFR,2018,DTP1,32613000.0,39656000.0,82.23976195279403,17.760238047205974,7043000.0,Africa
AFR,2018,DTP3,29339000.0,39656000.0,73.98376033891466,26.016239661085336,10317000.0,Africa
AFR,2018,Hepb3,29327000.0,39656000.0,73.95350010086746,26.04649989913254,10329000.0,Africa
AFR,2018,Hepbb,4604000.0,9209000.0,49.99457052883049,50.00542947116951,4605000.0,Africa
AFR,2018,Hib3,29327000.0,39656000.0,73.95350010086746,26.04649989913254,10329000.0,Africa
AFR,2018,IPV1,24155000.0,38582000.0,62.60691514177596,37.39308485822404,14427000.0,Africa
AFR,2018,MCV1,27455000.0,39656000.0,69.23290296550333,30.767097034496672,12201000.0,Africa
AFR,2018,MCV2,8727000.0,13512000.0,64.58703374777976,35.412966252220244,4785000.0,Africa
AFR,2018,PCV3,28005500.0,38433000.0,72.86836832930034,27.13163167069966,10427500.0,Africa
AFR,2018,Pol3,29059000.0,39656000.0,73.27768811781318,26.722311882186816,10597000.0,Africa
AFR,2018,RCV1,11421000.0,13943000.0,81.9120705730474,18.0879294269526,2522000.0,Africa
AFR,2018,Rotac,16623000.0,22491000.0,73.90956382553021,26.090436174469787,5868000.0,Africa
AFR,2018,YFV,15138000.0,25401000.0,59.596078894531715,40.403921105468285,10263000.0,Africa
AFR,2019,BCG,34455000.0,42066000.0,81.90700328055912,18.092996719440876,7611000.0,Africa
AFR,2019,DTP1,33357000.0,40377000.0,82.61386432870198,17.38613567129802,7020000.0,Africa
AFR,2019,DTP3,30145000.0,40377000.0,74.65884042895709,25.34115957104291,10232000.0,Africa
AFR,2019,Hepb3,30102000.0,40377000.0,74.55234415632663,25.447655843673374,10275000.0,Africa
AFR,2019,Hepbb,5597000.0,10219000.0,54.77052549173109,45.22947450826891,4622000.0,Africa
AFR,2019,Hib3,30102000.0,40377000.0,74.55234415632663,25.447655843673374,10275000.0,Africa
AFR,2019,IPV1,29717000.0,40377000.0,73.59883101765857,26.40116898234143,10660000.0,Africa
AFR,2019,MCV1,28304000.0,40377000.0,70.09931396587166,29.90068603412834,12073000.0,Africa
AFR,2019,MCV2,11497000.0,25081000.0,45.83948008452614,54.16051991547386,13584000.0,Africa
AFR,2019,PCV3,28562000.0,39127000.0,72.99818539627367,27.00181460372633,10565000.0,Africa
AFR,2019,Pol3,30014000.0,40377000.0,74.33439829605963,25.665601703940368,10363000.0,Africa
AFR,2019,RCV1,11983000.0,14712000.0,81.4505165851006,18.5494834148994,2729000.0,Africa
AFR,2019,Rotac,18425000.0,30235000.0,60.939308748139574,39.060691251860426,11810000.0,Africa
AFR,2019,YFV,15706000.0,25850000.0,60.75822050290135,39.24177949709865,10144000.0,Africa
AFR,2020,BCG,34794000.0,42661000.0,81.55926959049249,18.44073040950751,7867000.0,Africa
AFR,2020,DTP1,33353000.0,40985000.0,81.3785531291936,18.621446870806395,7632000.0,Africa
AFR,2020,DTP3,29826000.0,40985000.0,72.77296571916555,27.227034280834445,11159000.0,Africa
AFR,2020,Hepb3,29786000.0,40985000.0,72.67536903745273,27.324630962547275,11199000.0,Africa
AFR,2020,Hepbb,6234000.0,10795000.0,57.748957850856875,42.251042149143125,4561000.0,Africa
AFR,2020,Hib3,29756000.0,40985000.0,72.6021715261681,27.397828473831893,11229000.0,Africa
AFR,2020,IPV1,30048000.0,40985000.0,73.31462730267171,26.68537269732829,10937000.0,Africa
AFR,2020,MCV1,28242000.0,40985000.0,68.90813712333781,31.09186287666219,12743000.0,Africa
AFR,2020,MCV2,14142000.0,27175000.0,52.04047838086476,47.95952161913524,13033000.0,Africa
AFR,2020,PCV3,28214000.0,39713000.0,71.04474605292978,28.95525394707022,11499000.0,Africa
AFR,2020,Pol3,29141000.0,40985000.0,71.10162254483348,28.898377455166525,11844000.0,Africa
AFR,2020,RCV1,13372000.0,16725000.0,79.95216741405082,20.04783258594918,3353000.0,Africa
AFR,2020,Rotac,20279000.0,31167000.0,65.06561427150511,34.93438572849489,10888000.0,Africa
AFR,2020,YFV,15575000.0,26309000.0,59.20027367060702,40.79972632939298,10734000.0,Africa
AFR,2021,BCG,33456000.0,43322000.0,77.2263515073173,22.773648492682696,9866000.0,Africa
AFR,2021,DTP1,33354000.0,41649000.0,80.08355542750127,19.916444572498733,8295000.0,Africa
AFR,2021,DTP3,29450000.0,41649000.0,70.70998103195755,29.290018968042446,12199000.0,Africa
AFR,2021,Hepb3,29405000.0,41649000.0,70.6019352205335,29.398064779466495,12244000.0,Africa
AFR,2021,Hepbb,6540000.0,11006000.0,59.42213338179175,40.57786661820825,4466000.0,Africa
AFR,2021,Hib3,29405000.0,41649000.0,70.6019352205335,29.398064779466495,12244000.0,Africa
AFR,2021,IPV1,29599000.0,41649000.0,71.06773271867272,28.932267281327285,12050000.0,Africa
AFR,2021,MCV1,27772000.0,41649000.0,66.68107277485655,33.318927225143455,13877000.0,Africa
AFR,2021,MCV2,14767000.0,28564000.0,51.69794146478084,48.30205853521916,13797000.0,Africa
AFR,2021,PCV3,27648000.0,40357000.0,68.50856109225165,31.491438907748346,12709000.0,Africa
AFR,2021,Pol3,28920000.0,41649000.0,69.43744147518548,30.56255852481452,12729000.0,Africa
AFR,2021,RCV1,13326000.0,16932000.0,78.70304748405387,21.29695251594613,3606000.0,Africa
AFR,2021,Rotac,21940000.0,31708000.0,69.19389428535385,30.80610571464615,9768000.0,Africa
AFR,2021,YFV,15670000.0,26820000.0,58.42654735272185,41.57345264727815,11150000.0,Africa
AMR,2015,BCG,10134000.0,10533000.0,96.21190544004557,3.7880945599544305,399000.0,Americas
AMR,2015,DTP1,14286000.0,14775000.0,96.69035532994924,3.3096446700507585,489000.0,Americas
AMR,2015,DTP3,13489000.0,14775000.0,91.29610829103216,8.703891708967845,1286000.0,Americas
AMR,2015,Hepb3,13047000.0,14775000.0,88.30456852791878,11.695431472081225,1728000.0,Americas
AMR,2015,Hepbb,8136000.0,10478000.0,77.64840618438633,22.35159381561367,2342000.0,Americas
AMR,2015,Hib3,13391000.0,14775000.0,90.63282571912013,9.367174280879865,1384000.0,Americas
AMR,2015,IPV1,10707000.0,11923000.0,89.8012245240292,10.198775475970805,1216000.0,Americas
AMR,2015,MCV1,13696000.0,14775000.0,92.69712351945854,7.302876480541457,1079000.0,Americas
AMR,2015,MCV2,11551000.0,13448000.0,85.89381320642475,14.106186793575247,1897000.0,Americas
AMR,2015,PCV3,12553000.0,14328000.0,87.61166945840313,12.388330541596872,1775000.0,Americas
AMR,2015,Pol3,13467000.0,14775000.0,91.14720812182742,8.852791878172582,1308000.0,Americas
AMR,2015,RCV1,13696000.0,14775000.0,92.69712351945854,7.302876480541457,1079000.0,Americas
AMR,2015,Rotac,11242000.0,13835000.0,81.25767979761474,18.742320202385258,2593000.0,Americas
AMR,2015,YFV,3534000.0,6420000.0,55.04672897196262,44.95327102803738,2886000.0,Americas
AMR,2016,BCG,9592000.0,10324000.0,92.90972491282449,7.090275087175513,732000.0,Americas
AMR,2016,DTP1,13933000.0,14531000.0,95.88466038125387,4.115339618746134,598000.0,Americas
AMR,2016,DTP3,13221000.0,14531000.0,90.98479113619159,9.015208863808411,1310000.0,Americas
AMR,2016,Hepb3,12821000.0,14531000.0,88.23205560525771,11.767944394742287,1710000.0,Americas
AMR,2016,Hepbb,7350000.0,10285000.0,71.46329606222655,28.536703937773453,2935000.0,Americas
AMR,2016,Hib3,13113000.0,14531000.0,90.24155254283944,9.758447457160557,1418000.0,Americas
AMR,2016,IPV1,12830000.0,14531000.0,88.29399215470374,11.706007845296256,1701000.0,Americas
AMR,2016,MCV1,13401000.0,14531000.0,92.22352212511183,7.776477874888172,1130000.0,Americas
AMR,2016,MCV2,11877000.0,14076000.0,84.37766410912191,15.622335890878091,2199000.0,Americas
AMR,2016,PCV3,11965000.0,14091000.0,84.91235540415867,15.087644595841326,2126000.0,Americas
AMR,2016,Pol3,12579000.0,14531000.0,86.56665060904274,13.433349390957261,1952000.0,Americas
AMR,2016,RCV1,13401000.0,14531000.0,92.22352212511183,7.776477874888172,1130000.0,Americas
AMR,2016,Rotac,10632000.0,13618000.0,78.0731384931708,21.926861506829198,2986000.0,Americas
AMR,2016,YFV,3329000.0,6278000.0,53.026441541892325,46.973558458107675,2949000.0,Americas
AMR,2017,BCG,9470000.0,10278000.0,92.13854835571122,7.861451644288778,808000.0,Americas
AMR,2017,DTP1,13755000.0,14409000.0,95.46117010201957,4.538829897980435,654000.0,Americas
AMR,2017,DTP3,12720000.0,14409000.0,88.27815948365605,11.721840516343946,1689000.0,Americas
AMR,2017,Hepb3,12084000.0,14409000.0,83.86425150947325,16.13574849052675,2325000.0,Americas
AMR,2017,Hepbb,7793500.0,10935000.0,71.27114769090078,28.728852309099224,3141500.0,Americas
AMR,2017,Hib3,12744000.0,14409000.0,88.44472204871956,11.555277951280445,1665000.0,Americas
AMR,2017,IPV1,13513000.0,14409000.0,93.78166423762926,6.218335762370742,896000.0,Americas
AMR,2017,MCV1,12722000.0,14409000.0,88.29203969741134,11.70796030258866,1687000.0,Americas
AMR,2017,MCV2,11375000.0,14238000.0,79.89183874139626,20.108161258603744,2863000.0,Americas
AMR,2017,PCV3,11780000.0,13973000.0,84.30544621770557,15.694553782294435,2193000.0,Americas
AMR,2017,Pol3,12234000.0,14409000.0,84.90526754112014,15.09473245887986,2175000.0,Americas
AMR,2017,RCV1,12722000.0,14409000.0,88.29203969741134,11.70796030258866,1687000.0,Americas
AMR,2017,Rotac,10193000.0,13880000.0,73.43659942363112,26.563400576368878,3687000.0,Americas
AMR,2017,YFV,3747000.0,6293000.0,59.54234864134753,40.45765135865247,2546000.0,Americas
AMR,2018,BCG,9358000.0,10175000.0,91.97051597051598,8.029484029484024,817000.0,Americas
AMR,2018,DTP1,13057000.0,14238000.0,91.70529568759657,8.294704312403425,1181000.0,Americas
AMR,2018,DTP3,12538000.0,14238000.0,88.06012080348363,11.939879196516372,1700000.0,Americas
AMR,2018,Hepb3,11858000.0,14238000.0,83.2841691248771,16.715830875122904,2380000.0,Americas
AMR,2018,Hepbb,8022500.0,10819000.0,74.15195489416767,25.848045105832327,2796500.0,Americas
AMR,2018,Hib3,12327000.0,14238000.0,86.57817109144543,13.421828908554573,1911000.0,Americas
AMR,2018,IPV1,12693000.0,14238000.0,89.1487568478719,10.851243152128106,1545000.0,Americas
AMR,2018,MCV1,13000000.0,14238000.0,91.30495856159573,8.695041438404274,1238000.0,Americas
AMR,2018,MCV2,12478000.0,14864000.0,83.94779332615715,16.052206673842846,2386000.0,Americas
AMR,2018,PCV3,11706000.0,14062000.0,83.24562651116484,16.754373488835157,2356000.0,Americas
AMR,2018,Pol3,12341000.0,14238000.0,86.67649950835792,13.32350049164208,1897000.0,Americas
AMR,2018,RCV1,13000000.0,14238000.0,91.30495856159573,8.695041438404274,1238000.0,Americas
AMR,2018,Rotac,10415000.0,13712000.0,75.95536756126022,24.044632438739782,3297000.0,Americas
AMR,2018,YFV,3582000.0,6245000.0,57.35788630904723,42.64211369095277,2663000.0,Americas
AMR,2019,BCG,8314000.0,9945000.0,83.59979889391654,16.400201106083458,1631000.0,Americas
AMR,2019,DTP1,12438000.0,13965000.0,89.06552094522019,10.934479054779814,1527000.0,Americas
AMR,2019,DTP3,11684000.0,13965000.0,83.66630862871465,16.333691371285354,2281000.0,Americas
AMR,2019,Hepb3,11080000.0,13965000.0,79.34121016827784,20.65878983172216,2885000.0,Americas
AMR,2019,Hepbb,7806000.0,10863000.0,71.85860259596797,28.141397404032034,3057000.0,Americas
AMR,2019,Hib3,11597000.0,13965000.0,83.04332259219477,16.95667740780523,2368000.0,Americas
AMR,2019,IPV1,12430000.0,13965000.0,89.00823487289654,10.991765127103463,1535000.0,Americas
AMR,2019,MCV1,12192000.0,13965000.0,87.30397422126745,12.696025778732547,1773000.0,Americas
AMR,2019,MCV2,10741000.0,14830000.0,72.42751180040459,27.572488199595412,4089000.0,Americas
AMR,2019,PCV3,11458000.0,13798000.0,83.0410204377446,16.958979562255394,2340000.0,Americas
AMR,2019,Pol3,12020000.0,13965000.0,86.07232366630862,13.92767633369138,1945000.0,Americas
AMR,2019,RCV1,12192000.0,13965000.0,87.30397422126745,12.696025778732547,1773000.0,Americas
AMR,2019,Rotac,10275000.0,13516000.0,76.02101213376739,23.978987866232615,3241000.0,Americas
AMR,2019,YFV,3762000.0,6124000.0,61.43043762246897,38.56956237753103,2362000.0,Americas
AMR,2020,BCG,6667000.0,9760000.0,68.30942622950819,31.69057377049181,3093000.0,Americas
AMR,2020,DTP1,12086000.0,13707000.0,88.17392573137813,11.826074268621866,1621000.0,Americas
AMR,2020,DTP3,11056000.0,13707000.0,80.65951703509155,19.340482964908446,2651000.0,Americas
AMR,2020,Hepb3,11046000.0,13707000.0,80.58656161085577,19.413438389144233,2661000.0,Americas
AMR,2020,Hepbb,8276000.0,12561000.0,65.88647400684658,34.11352599315342,4285000.0,Americas
AMR,2020,Hib3,10943000.0,13707000.0,79.8351207412271,20.1648792587729,2764000.0,Americas
AMR,2020,IPV1,11843000.0,13707000.0,86.40110892244839,13.598891077551613,1864000.0,Americas
AMR,2020,MCV1,11694000.0,13707000.0,85.31407310133508,14.685926898664917,2013000.0,Americas
AMR,2020,MCV2,10713000.0,14807000.0,72.35091510771933,27.64908489228067,4094000.0,Americas
AMR,2020,PCV3,10401000.0,13545000.0,76.78848283499447,23.21151716500553,3144000.0,Americas
AMR,2020,Pol3,10929000.0,13707000.0,79.732983147297,20.267016852702994,2778000.0,Americas
AMR,2020,RCV1,11694000.0,13707000.0,85.31407310133508,14.685926898664917,2013000.0,Americas
AMR,2020,Rotac,9659000.0,13262000.0,72.832152013271,27.167847986729,3603000.0,Americas
AMR,2020,YFV,3480000.0,5971000.0,58.281694858482666,41.718305141517334,2491000.0,Americas
AMR,2021,BCG,7747000.0,9616000.0,80.56364392678869,19.436356073211314,1869000.0,Americas
AMR,2021,DTP1,11731000.0,13621000.0,86.12436678657954,13.875633213420457,1890000.0,Americas
AMR,2021,DTP3,10920000.0,13621000.0,80.17032523309595,19.82967476690405,2701000.0,Americas
AMR,2021,Hepb3,10842000.0,13621000.0,79.59768005285956,20.40231994714044,2779000.0,Americas
AMR,2021,Hepbb,8141500.0,12472000.0,65.27822322001283,34.72177677998717,4330500.0,Americas
AMR,2021,Hib3,10795000.0,13621000.0,79.25262462374275,20.747375376257253,2826000.0,Americas
AMR,2021,IPV1,11547000.0,13621000.0,84.77351148961164,15.226488510388364,2074000.0,Americas
AMR,2021,MCV1,11470000.0,13621000.0,84.20820791425005,15.791792085749947,2151000.0,Americas
AMR,2021,MCV2,11056000.0,14660000.0,75.41609822646657,24.583901773533427,3604000.0,Americas
AMR,2021,PCV3,10056000.0,13464000.0,74.68805704099822,25.311942959001783,3408000.0,Americas
AMR,2021,Pol3,10745000.0,13621000.0,78.88554438000148,21.114455619998523,2876000.0,Americas
AMR,2021,RCV1,11470000.0,13621000.0,84.20820791425005,15.791792085749947,2151000.0,Americas
AMR,2021,Rotac,9457000.0,13179000.0,71.75810000758783,28.241899992412172,3722000.0,Americas
AMR,2021,YFV,3468000.0,5922000.0,58.5612968591692,41.4387031408308,2454000.0,Americas
EMR,2015,BCG,17892000.0,20745000.0,86.2472885032538,13.752711496746201,2853000.0,E. Mediterranean
EMR,2015,DTP1,17491000.0,20238000.0,86.42652436011463,13.573475639885373,2747000.0,E. Mediterranean
EMR,2015,DTP3,16258000.0,20238000.0,80.3340251012946,19.6659748987054,3980000.0,E. Mediterranean
EMR,2015,Hepb3,16197000.0,20238000.0,80.03261191817373,19.96738808182627,4041000.0,E. Mediterranean
EMR,2015,Hepbb,4978000.0,7679000.0,64.82614923818205,35.173850761817945,2701000.0,E. Mediterranean
EMR,2015,Hib3,16203000.0,20238000.0,80.06225911651349,19.937740883486512,4035000.0,E. Mediterranean
EMR,2015,IPV1,4304000.0,11361000.0,37.88398908546783,62.11601091453217,7057000.0,E. Mediterranean
EMR,2015,MCV1,16433000.0,20238000.0,81.19873505287084,18.801264947129155,3805000.0,E. Mediterranean
EMR,2015,MCV2,13454000.0,18664000.0,72.08529789969995,27.914702100300048,5210000.0,E. Mediterranean
EMR,2015,PCV3,9195000.0,11309000.0,81.30692368909718,18.693076310902825,2114000.0,E. Mediterranean
EMR,2015,Pol3,16365000.0,20238000.0,80.86273347168692,19.137266528313077,3873000.0,E. Mediterranean
EMR,2015,RCV1,9557000.0,10636000.0,89.85520872508462,10.144791274915377,1079000.0,E. Mediterranean
EMR,2015,Rotac,3804000.0,5285000.0,71.97729422894986,28.02270577105014,1481000.0,E. Mediterranean
EMR,2016,BCG,18012000.0,20538000.0,87.70084721004966,12.299152789950341,2526000.0,E. Mediterranean
EMR,2016,DTP1,17262000.0,20046000.0,86.111942532176,13.888057467823998,2784000.0,E. Mediterranean
EMR,2016,DTP3,16430000.0,20046000.0,81.96148857627456,18.03851142372544,3616000.0,E. Mediterranean
EMR,2016,Hepb3,16427000.0,20046000.0,81.94652299710665,18.053477002893345,3619000.0,E. Mediterranean
EMR,2016,Hepbb,5038000.0,7619000.0,66.12416327602048,33.87583672397952,2581000.0,E. Mediterranean
EMR,2016,Hib3,16433000.0,20046000.0,81.97645415544248,18.023545844557518,3613000.0,E. Mediterranean
EMR,2016,IPV1,8212000.0,12611000.0,65.11775434144795,34.88224565855205,4399000.0,E. Mediterranean
EMR,2016,MCV1,16497000.0,20046000.0,82.29571984435798,17.704280155642024,3549000.0,E. Mediterranean
EMR,2016,MCV2,14628000.0,18894000.0,77.42140362019688,22.578596379803116,4266000.0,E. Mediterranean
EMR,2016,PCV3,9110000.0,11319000.0,80.48414170863151,19.515858291368488,2209000.0,E. Mediterranean
EMR,2016,Pol3,16537000.0,20046000.0,82.49526089993016,17.50473910006984,3509000.0,E. Mediterranean
EMR,2016,RCV1,9488000.0,10405000.0,91.18692936088419,8.813070639115807,917000.0,E. Mediterranean
EMR,2016,Rotac,4145000.0,5279000.0,78.51865883690093,21.481341163099074,1134000.0,E. Mediterranean
EMR,2017,BCG,17826000.0,20510000.0,86.91370063383715,13.086299366162848,2684000.0,E. Mediterranean
EMR,2017,DTP1,17534000.0,20031000.0,87.53432180120812,12.465678198791878,2497000.0,E. Mediterranean
EMR,2017,DTP3,16535000.0,20031000.0,82.54705206929259,17.45294793070741,3496000.0,E. Mediterranean
EMR,2017,Hepb3,16713000.0,20031000.0,83.43567470420848,16.56432529579152,3318000.0,E. Mediterranean
EMR,2017,Hepbb,7350000.0,10161000.0,72.3354000590493,27.664599940950694,2811000.0,E. Mediterranean
EMR,2017,Hib3,16538000.0,20031000.0,82.56202885527432,17.43797114472568,3493000.0,E. Mediterranean
EMR,2017,IPV1,8511000.0,13756000.0,61.8711834835708,38.1288165164292,5245000.0,E. Mediterranean
EMR,2017,MCV1,16584000.0,20031000.0,82.79167290699417,17.208327093005835,3447000.0,E. Mediterranean
EMR,2017,MCV2,14782000.0,18959000.0,77.96824727042565,22.03175272957435,4177000.0,E. Mediterranean
EMR,2017,PCV3,9916000.0,12616000.0,78.5986049461002,21.401395053899805,2700000.0,E. Mediterranean
EMR,2017,Pol3,16597000.0,20031000.0,82.85657231291498,17.143427687085023,3434000.0,E. Mediterranean
EMR,2017,RCV1,9478000.0,10358000.0,91.50415138057541,8.495848619424592,880000.0,E. Mediterranean
EMR,2017,Rotac,5184000.0,11364000.0,45.61774023231256,54.38225976768744,6180000.0,E. Mediterranean
EMR,2018,BCG,18057000.0,20343000.0,88.76271936292582,11.237280637074178,2286000.0,E. Mediterranean
EMR,2018,DTP1,17709000.0,19866000.0,89.14225309574147,10.857746904258534,2157000.0,E. Mediterranean
EMR,2018,DTP3,16727000.0,19866000.0,84.19913419913419,15.800865800865807,3139000.0,E. Mediterranean
EMR,2018,Hepb3,16790000.0,19866000.0,84.51625893486359,15.483741065136414,3076000.0,E. Mediterranean
EMR,2018,Hepbb,7384000.0,9965000.0,74.09934771700954,25.900652282990464,2581000.0,E. Mediterranean
EMR,2018,Hib3,16729000.0,19866000.0,84.20920165106212,15.790798348937884,3137000.0,E. Mediterranean
EMR,2018,IPV1,12217000.0,17357000.0,70.3865875439304,29.613412456069597,5140000.0,E. Mediterranean
EMR,2018,MCV1,16622000.0,19866000.0,83.67059297291856,16.329407027081444,3244000.0,E. Mediterranean
EMR,2018,MCV2,14746000.0,18871000.0,78.14106300672991,21.858936993270092,4125000.0,E. Mediterranean
EMR,2018,PCV3,9923000.0,12696000.0,78.15847511027096,21.841524889729044,2773000.0,E. Mediterranean
EMR,2018,Pol3,16346000.0,19866000.0,82.281284606866,17.718715393134005,3520000.0,E. Mediterranean
EMR,2018,RCV1,9207000.0,10141000.0,90.78986293264964,9.21013706735036,934000.0,E. Mediterranean
EMR,2018,Rotac,8505000.0,12731000.0,66.8054355510172,33.1945644489828,4226000.0,E. Mediterranean
EMR,2019,BCG,17782000.0,20066000.0,88.61756204525068,11.38243795474932,2284000.0,E. Mediterranean
EMR,2019,DTP1,17565000.0,19602000.0,89.60820324456688,10.39179675543312,2037000.0,E. Mediterranean
EMR,2019,DTP3,16737000.0,19602000.0,85.38414447505357,14.615855524946426,2865000.0,E. Mediterranean
EMR,2019,Hepb3,16733000.0,19602000.0,85.36373839404142,14.63626160595858,2869000.0,E. Mediterranean
EMR,2019,Hepbb,7284000.0,9586000.0,75.98581264343835,24.01418735656165,2302000.0,E. Mediterranean
EMR,2019,Hib3,16738000.0,19602000.0,85.38924599530661,14.61075400469339,2864000.0,E. Mediterranean
EMR,2019,IPV1,16814000.0,19602000.0,85.77696153453729,14.223038465462707,2788000.0,E. Mediterranean
EMR,2019,MCV1,16383000.0,19602000.0,83.57820630547903,16.42179369452097,3219000.0,E. Mediterranean
EMR,2019,MCV2,15015000.0,18798000.0,79.87551867219918,20.124481327800822,3783000.0,E. Mediterranean
EMR,2019,PCV3,10138000.0,12786000.0,79.289848271547,20.710151728453,2648000.0,E. Mediterranean
EMR,2019,Pol3,16791000.0,19602000.0,85.65962656871747,14.34037343128253,2811000.0,E. Mediterranean
EMR,2019,RCV1,8915000.0,9787000.0,91.09022172269337,8.909778277306629,872000.0,E. Mediterranean
EMR,2019,Rotac,9851000.0,12830000.0,76.78098207326578,23.219017926734224,2979000.0,E. Mediterranean
EMR,2020,BCG,17855000.0,20066000.0,88.98136150702682,11.018638492973182,2211000.0,E. Mediterranean
EMR,2020,DTP1,17022000.0,19603000.0,86.83364791103403,13.166352088965965,2581000.0,E. Mediterranean
EMR,2020,DTP3,15969000.0,19603000.0,81.46202111921644,18.537978880783555,3634000.0,E. Mediterranean
EMR,2020,Hepb3,15969000.0,19603000.0,81.46202111921644,18.537978880783555,3634000.0,E. Mediterranean
EMR,2020,Hepbb,7151000.0,9470000.0,75.51214361140444,24.48785638859556,2319000.0,E. Mediterranean
EMR,2020,Hib3,15968000.0,19603000.0,81.45691985920523,18.54308014079477,3635000.0,E. Mediterranean
EMR,2020,IPV1,16331000.0,19603000.0,83.30867724327909,16.691322756720908,3272000.0,E. Mediterranean
EMR,2020,MCV1,16293000.0,19603000.0,83.11482936285263,16.885170637147368,3310000.0,E. Mediterranean
EMR,2020,MCV2,15112000.0,18747000.0,80.61023097028858,19.389769029711417,3635000.0,E. Mediterranean
EMR,2020,PCV3,9815000.0,13078000.0,75.04970178926442,24.950298210735582,3263000.0,E. Mediterranean
EMR,2020,Pol3,16456000.0,19603000.0,83.94633474468193,16.053665255318066,3147000.0,E. Mediterranean
EMR,2020,RCV1,8805000.0,9689000.0,90.8762514191351,9.123748580864898,884000.0,E. Mediterranean
EMR,2020,Rotac,10221000.0,12932000.0,79.03649860810393,20.963501391896074,2711000.0,E. Mediterranean
EMR,2021,BCG,17673000.0,20026000.0,88.25027464296414,11.749725357035857,2353000.0,E. Mediterranean
EMR,2021,DTP1,17317000.0,19568000.0,88.49652493867539,11.503475061324608,2251000.0,E. Mediterranean
EMR,2021,DTP3,16201000.0,19568000.0,82.79333605887163,17.20666394112837,3367000.0,E. Mediterranean
EMR,2021,Hepb3,16196000.0,19568000.0,82.76778413736713,17.23221586263287,3372000.0,E. Mediterranean
EMR,2021,Hepbb,7111000.0,9361000.0,75.96410639888902,24.035893601110985,2250000.0,E. Mediterranean
EMR,2021,Hib3,16201000.0,19568000.0,82.79333605887163,17.20666394112837,3367000.0,E. Mediterranean
EMR,2021,IPV1,16440000.0,19568000.0,84.0147179067866,15.9852820932134,3128000.0,E. Mediterranean
EMR,2021,MCV1,16047000.0,19568000.0,82.00633687653311,17.993663123466888,3521000.0,E. Mediterranean
EMR,2021,MCV2,14979000.0,19188000.0,78.06441525953721,21.935584740462787,4209000.0,E. Mediterranean
EMR,2021,PCV3,9780000.0,13088000.0,74.72493887530563,25.275061124694375,3308000.0,E. Mediterranean
EMR,2021,Pol3,16276000.0,19568000.0,83.17661488143908,16.82338511856092,3292000.0,E. Mediterranean
EMR,2021,RCV1,8648000.0,9564000.0,90.422417398578,9.577582601421994,916000.0,E. Mediterranean
EMR,2021,Rotac,10249000.0,12955000.0,79.11231184870707,20.887688151292934,2706000.0,E. Mediterranean
EUR,2015,BCG,6814000.0,7496000.0,90.90181430096051,9.09818569903949,682000.0, Europe
EUR,2015,DTP1,11235000.0,11690000.0,96.10778443113772,3.8922155688622837,455000.0, Europe
EUR,2015,DTP3,10893000.0,11690000.0,93.18220701454234,6.8177929854576576,797000.0, Europe
EUR,2015,Hepb3,9618000.0,10539000.0,91.26103045829775,8.738969541702247,921000.0, Europe
EUR,2015,Hepbb,5032000.0,5349000.0,94.0736586277809,5.926341372219099,317000.0, Europe
EUR,2015,Hib3,8949000.0,9759000.0,91.6999692591454,8.300030740854595,810000.0, Europe
EUR,2015,IPV1,9518000.0,10005000.0,95.13243378310845,4.867566216891547,487000.0, Europe
EUR,2015,MCV1,10991000.0,11690000.0,94.02053036783575,5.979469632164253,699000.0, Europe
EUR,2015,MCV2,9977000.0,11110000.0,89.8019801980198,10.198019801980195,1133000.0, Europe
EUR,2015,PCV3,5713000.0,6375000.0,89.61568627450981,10.384313725490188,662000.0, Europe
EUR,2015,Pol3,11000000.0,11690000.0,94.09751924721984,5.902480752780164,690000.0, Europe
EUR,2015,RCV1,10991000.0,11690000.0,94.02053036783575,5.979469632164253,699000.0, Europe
EUR,2015,Rotac,2608000.0,3234000.0,80.64316635745207,19.356833642547926,626000.0, Europe
EUR,2016,BCG,6830000.0,7339000.0,93.0644501975746,6.935549802425399,509000.0, Europe
EUR,2016,DTP1,11109000.0,11641000.0,95.42994588093806,4.570054119061936,532000.0, Europe
EUR,2016,DTP3,10748000.0,11641000.0,92.32883772871746,7.67116227128254,893000.0, Europe
EUR,2016,Hepb3,9567000.0,10488000.0,91.21853546910755,8.78146453089245,921000.0, Europe
EUR,2016,Hepbb,4913000.0,5331000.0,92.15906959294692,7.840930407053079,418000.0, Europe
EUR,2016,Hib3,8927000.0,9760000.0,91.46516393442623,8.53483606557377,833000.0, Europe
EUR,2016,IPV1,9815000.0,10265000.0,95.61617145640527,4.383828543594731,450000.0, Europe
EUR,2016,MCV1,10871000.0,11641000.0,93.38544798556825,6.614552014431752,770000.0, Europe
EUR,2016,MCV2,9916000.0,11193000.0,88.59108371303493,11.408916286965066,1277000.0, Europe
EUR,2016,PCV3,6632000.0,8389000.0,79.05590654428418,20.944093455715816,1757000.0, Europe
EUR,2016,Pol3,10900000.0,11641000.0,93.63456747702087,6.365432522979134,741000.0, Europe
EUR,2016,RCV1,10871000.0,11641000.0,93.38544798556825,6.614552014431752,770000.0, Europe
EUR,2016,Rotac,2719000.0,3299000.0,82.41891482267354,17.581085177326457,580000.0, Europe
EUR,2017,BCG,6528000.0,7031000.0,92.8459678566349,7.1540321433651,503000.0, Europe
EUR,2017,DTP1,10857000.0,11249000.0,96.51524579962664,3.4847542003733594,392000.0, Europe
EUR,2017,DTP3,10541000.0,11249000.0,93.70610720952973,6.293892790470267,708000.0, Europe
EUR,2017,Hepb3,9444000.0,10210000.0,92.4975514201763,7.502448579823707,766000.0, Europe
EUR,2017,Hepbb,4753000.0,5223000.0,91.0013402259238,8.998659774076202,470000.0, Europe
EUR,2017,Hib3,8745000.0,9567000.0,91.4079648792725,8.592035120727502,822000.0, Europe
EUR,2017,IPV1,9358000.0,9884000.0,94.67826790772966,5.321732092270338,526000.0, Europe
EUR,2017,MCV1,10703000.0,11249000.0,95.14623522090852,4.8537647790914775,546000.0, Europe
EUR,2017,MCV2,10280000.0,11279000.0,91.1428318113308,8.857168188669206,999000.0, Europe
EUR,2017,PCV3,8246000.0,9326000.0,88.41947244263349,11.580527557366509,1080000.0, Europe
EUR,2017,Pol3,10501000.0,11249000.0,93.35052004622632,6.649479953773678,748000.0, Europe
EUR,2017,RCV1,10703000.0,11249000.0,95.14623522090852,4.8537647790914775,546000.0, Europe
EUR,2017,Rotac,2949000.0,3903000.0,75.55726364335126,24.442736356648737,954000.0, Europe
EUR,2018,BCG,6431000.0,6877000.0,93.51461393049296,6.485386069507044,446000.0, Europe
EUR,2018,DTP1,10731000.0,11003000.0,97.5279469235663,2.4720530764336957,272000.0, Europe
EUR,2018,DTP3,10426000.0,11003000.0,94.75597564300645,5.244024356993549,577000.0, Europe
EUR,2018,Hepb3,9361000.0,9995000.0,93.6568284142071,6.343171585792902,634000.0, Europe
EUR,2018,Hepbb,4801000.0,5156000.0,93.11481768813033,6.88518231186967,355000.0, Europe
EUR,2018,Hib3,8777000.0,9403000.0,93.34255024992024,6.657449750079763,626000.0, Europe
EUR,2018,IPV1,10144000.0,11003000.0,92.1930382622921,7.806961737707894,859000.0, Europe
EUR,2018,MCV1,10483000.0,11003000.0,95.27401617740617,4.725983822593832,520000.0, Europe
EUR,2018,MCV2,10558000.0,11477000.0,91.99268101420232,8.007318985797681,919000.0, Europe
EUR,2018,PCV3,8593000.0,9607000.0,89.44519621109607,10.554803788903925,1014000.0, Europe
EUR,2018,Pol3,10384000.0,11003000.0,94.37426156502772,5.625738434972277,619000.0, Europe
EUR,2018,RCV1,10483000.0,11003000.0,95.27401617740617,4.725983822593832,520000.0, Europe
EUR,2018,Rotac,2943500.0,4037000.0,72.9130542482041,27.086945751795895,1093500.0, Europe
EUR,2019,BCG,6187000.0,6647000.0,93.07958477508652,6.920415224913484,460000.0, Europe
EUR,2019,DTP1,10438000.0,10707000.0,97.48762491827776,2.51237508172224,269000.0, Europe
EUR,2019,DTP3,10186000.0,10707000.0,95.13402446997291,4.865975530027086,521000.0, Europe
EUR,2019,Hepb3,9849000.0,10485000.0,93.93419170243205,6.065808297567955,636000.0, Europe
EUR,2019,Hepbb,4792000.0,5056000.0,94.77848101265823,5.221518987341767,264000.0, Europe
EUR,2019,Hib3,8719000.0,9225000.0,94.51490514905149,5.485094850948514,506000.0, Europe
EUR,2019,IPV1,10333000.0,10707000.0,96.50695806481741,3.493041935182589,374000.0, Europe
EUR,2019,MCV1,10250000.0,10707000.0,95.73176426636779,4.26823573363221,457000.0, Europe
EUR,2019,MCV2,10723000.0,11607000.0,92.3839062634617,7.6160937365383035,884000.0, Europe
EUR,2019,PCV3,8617000.0,9561000.0,90.12655579960254,9.873444200397458,944000.0, Europe
EUR,2019,Pol3,10159000.0,10707000.0,94.88185299336882,5.118147006631176,548000.0, Europe
EUR,2019,RCV1,10250000.0,10707000.0,95.73176426636779,4.26823573363221,457000.0, Europe
EUR,2019,Rotac,2821000.0,4146000.0,68.04148576941631,31.95851423058369,1325000.0, Europe
EUR,2020,BCG,6127000.0,6541000.0,93.67069255465526,6.329307445344739,414000.0, Europe
EUR,2020,DTP1,10187000.0,10513000.0,96.89907733282602,3.1009226671739754,326000.0, Europe
EUR,2020,DTP3,9873000.0,10513000.0,93.91229905830876,6.087700941691239,640000.0, Europe
EUR,2020,Hepb3,9566000.0,10290000.0,92.96404275996113,7.035957240038869,724000.0, Europe
EUR,2020,Hepbb,4695000.0,4993000.0,94.03164430202283,5.968355697977174,298000.0, Europe
EUR,2020,Hib3,8492000.0,9080000.0,93.52422907488986,6.47577092511014,588000.0, Europe
EUR,2020,IPV1,10051000.0,10513000.0,95.60544088271664,4.3945591172833645,462000.0, Europe
EUR,2020,MCV1,9862000.0,10513000.0,93.80766669837344,6.192333301626562,651000.0, Europe
EUR,2020,MCV2,10697000.0,11685000.0,91.54471544715447,8.455284552845526,988000.0, Europe
EUR,2020,PCV3,8414000.0,9549000.0,88.11393863231753,11.886061367682473,1135000.0, Europe
EUR,2020,Pol3,9907000.0,10513000.0,94.2357081708361,5.764291829163895,606000.0, Europe
EUR,2020,RCV1,9862000.0,10513000.0,93.80766669837344,6.192333301626562,651000.0, Europe
EUR,2020,Rotac,3462000.0,4416000.0,78.39673913043478,21.60326086956522,954000.0, Europe
EUR,2021,BCG,5961000.0,6396000.0,93.19887429643528,6.801125703564722,435000.0, Europe
EUR,2021,DTP1,10042000.0,10386000.0,96.68784902753707,3.3121509724629306,344000.0, Europe
EUR,2021,DTP3,9747000.0,10386000.0,93.8474870017331,6.1525129982669,639000.0, Europe
EUR,2021,Hepb3,9457000.0,10179000.0,92.90696532075843,7.093034679241569,722000.0, Europe
EUR,2021,Hepbb,4564000.0,4888000.0,93.37152209492635,6.628477905073652,324000.0, Europe
EUR,2021,Hib3,8400000.0,8993000.0,93.4059824307795,6.594017569220497,593000.0, Europe
EUR,2021,IPV1,10014000.0,10386000.0,96.41825534373196,3.581744656268043,372000.0, Europe
EUR,2021,MCV1,9773000.0,10386000.0,94.09782399383786,5.9021760061621364,613000.0, Europe
EUR,2021,MCV2,10685500.0,11618000.0,91.97366155964882,8.026338440351182,932500.0, Europe
EUR,2021,PCV3,8548000.0,9471000.0,90.25446098616831,9.745539013831689,923000.0, Europe
EUR,2021,Pol3,9765000.0,10386000.0,94.0207972270364,5.979202772963603,621000.0, Europe
EUR,2021,RCV1,9773000.0,10386000.0,94.09782399383786,5.9021760061621364,613000.0, Europe
EUR,2021,Rotac,3644000.0,4741000.0,76.86142164100401,23.138578358995986,1097000.0, Europe
SEAR,2015,BCG,31816000.0,35673000.0,89.18790121380316,10.812098786196842,3857000.0,S.E Asia
SEAR,2015,DTP1,31671000.0,34694000.0,91.28667781172537,8.713322188274631,3023000.0,S.E Asia
SEAR,2015,DTP3,30569000.0,34694000.0,88.11033608116678,11.889663918833222,4125000.0,S.E Asia
SEAR,2015,Hepb3,30569000.0,34694000.0,88.11033608116678,11.889663918833222,4125000.0,S.E Asia
SEAR,2015,Hepbb,11266000.0,25183000.0,44.73652861057062,55.26347138942938,13917000.0,S.E Asia
SEAR,2015,Hib3,19718000.0,33955000.0,58.07097629215138,41.92902370784862,14237000.0,S.E Asia
SEAR,2015,IPV1,2606000.0,29241000.0,8.912143907527103,91.08785609247289,26635000.0,S.E Asia
SEAR,2015,MCV1,30603000.0,34694000.0,88.20833573528563,11.79166426471437,4091000.0,S.E Asia
SEAR,2015,MCV2,23279000.0,34791000.0,66.91098272541748,33.08901727458252,11512000.0,S.E Asia
SEAR,2015,PCV3,1444000.0,3540000.0,40.790960451977405,59.209039548022595,2096000.0,S.E Asia
SEAR,2015,Pol3,30378000.0,34694000.0,87.5598086124402,12.440191387559807,4316000.0,S.E Asia
SEAR,2015,RCV1,5217000.0,5552000.0,93.96613832853026,6.033861671469737,335000.0,S.E Asia
SEAR,2016,BCG,32140000.0,35550000.0,90.40787623066105,9.592123769338954,3410000.0,S.E Asia
SEAR,2016,DTP1,31847000.0,34618000.0,91.99549367381131,8.00450632618869,2771000.0,S.E Asia
SEAR,2016,DTP3,30728000.0,34618000.0,88.76307123461783,11.236928765382174,3890000.0,S.E Asia
SEAR,2016,Hepb3,30728000.0,34618000.0,88.76307123461783,11.236928765382174,3890000.0,S.E Asia
SEAR,2016,Hepbb,12009000.0,25171000.0,47.70966588534424,52.29033411465576,13162000.0,S.E Asia
SEAR,2016,Hib3,28091000.0,33900000.0,82.86430678466077,17.13569321533923,5809000.0,S.E Asia
SEAR,2016,IPV1,14042000.0,33900000.0,41.42182890855457,58.57817109144543,19858000.0,S.E Asia
SEAR,2016,MCV1,30876000.0,34618000.0,89.19059448841644,10.809405511583563,3742000.0,S.E Asia
SEAR,2016,MCV2,26099000.0,34924000.0,74.73084411865766,25.269155881342343,8825000.0,S.E Asia
SEAR,2016,PCV3,3272000.0,4472000.0,73.16636851520573,26.833631484794267,1200000.0,S.E Asia
SEAR,2016,Pol3,30281000.0,34618000.0,87.47183546132071,12.528164538679292,4337000.0,S.E Asia
SEAR,2016,RCV1,5279000.0,5572000.0,94.74156496769562,5.2584350323043765,293000.0,S.E Asia
SEAR,2016,Rotac,963000.0,24082000.0,3.9988373058716054,96.0011626941284,23119000.0,S.E Asia
SEAR,2017,BCG,32435000.0,34865000.0,93.03025957263732,6.96974042736268,2430000.0,S.E Asia
SEAR,2017,DTP1,31520000.0,33990000.0,92.73315681082671,7.2668431891732865,2470000.0,S.E Asia
SEAR,2017,DTP3,30469000.0,33990000.0,89.64107090320682,10.358929096793176,3521000.0,S.E Asia
SEAR,2017,Hepb3,30469000.0,33990000.0,89.64107090320682,10.358929096793176,3521000.0,S.E Asia
SEAR,2017,Hepbb,15665000.0,30941000.0,50.62861575256132,49.37138424743868,15276000.0,S.E Asia
SEAR,2017,Hib3,29774000.0,33288000.0,89.44364335496276,10.55635664503724,3514000.0,S.E Asia
SEAR,2017,IPV1,16759000.0,33990000.0,49.3056781406296,50.6943218593704,17231000.0,S.E Asia
SEAR,2017,MCV1,30853000.0,33990000.0,90.77081494557223,9.229185054427774,3137000.0,S.E Asia
SEAR,2017,MCV2,27344000.0,34580000.0,79.0746096009254,20.9253903990746,7236000.0,S.E Asia
SEAR,2017,PCV3,4179000.0,4427000.0,94.39801219787667,5.6019878021233325,248000.0,S.E Asia
SEAR,2017,Pol3,30612000.0,33990000.0,90.06178287731686,9.938217122683142,3378000.0,S.E Asia
SEAR,2017,RCV1,7283000.0,33650000.0,21.643387815750373,78.35661218424963,26367000.0,S.E Asia
SEAR,2017,Rotac,3068000.0,23600000.0,13.0,87.0,20532000.0,S.E Asia
SEAR,2018,BCG,32252000.0,34728000.0,92.8703063810182,7.129693618981804,2476000.0,S.E Asia
SEAR,2018,DTP1,31683000.0,33896000.0,93.47120604201086,6.528793957989137,2213000.0,S.E Asia
SEAR,2018,DTP3,30631000.0,33896000.0,90.36759499645976,9.632405003540242,3265000.0,S.E Asia
SEAR,2018,Hepb3,30631000.0,33896000.0,90.36759499645976,9.632405003540242,3265000.0,S.E Asia
SEAR,2018,Hepbb,16836000.0,30783000.0,54.69252509501998,45.30747490498002,13947000.0,S.E Asia
SEAR,2018,Hib3,29969000.0,33214000.0,90.23002348407299,9.769976515927013,3245000.0,S.E Asia
SEAR,2018,IPV1,24739000.0,33896000.0,72.9850129808827,27.0149870191173,9157000.0,S.E Asia
SEAR,2018,MCV1,31503000.0,33896000.0,92.94016993155535,7.059830068444654,2393000.0,S.E Asia
SEAR,2018,MCV2,27933000.0,34383000.0,81.24072943024169,18.759270569758314,6450000.0,S.E Asia
SEAR,2018,PCV3,5649000.0,32506000.0,17.378330154433026,82.62166984556697,26857000.0,S.E Asia
SEAR,2018,Pol3,30728000.0,33896000.0,90.65376445598301,9.346235544016992,3168000.0,S.E Asia
SEAR,2018,RCV1,28962000.0,33555000.0,86.31202503352704,13.687974966472964,4593000.0,S.E Asia
SEAR,2018,Rotac,8242000.0,23548000.0,35.00084932903007,64.99915067096993,15306000.0,S.E Asia
SEAR,2019,BCG,31595000.0,34105000.0,92.6403753115379,7.359624688462105,2510000.0,S.E Asia
SEAR,2019,DTP1,31360000.0,33323000.0,94.1091738438916,5.890826156108403,1963000.0,S.E Asia
SEAR,2019,DTP3,30354000.0,33323000.0,91.09023797377188,8.909762026228123,2969000.0,S.E Asia
SEAR,2019,Hepb3,30354000.0,33323000.0,91.09023797377188,8.909762026228123,2969000.0,S.E Asia
SEAR,2019,Hepbb,18235000.0,30147000.0,60.48694729160447,39.51305270839553,11912000.0,S.E Asia
SEAR,2019,Hib3,29710000.0,32659000.0,90.97032977127284,9.029670228727156,2949000.0,S.E Asia
SEAR,2019,IPV1,27626000.0,33323000.0,82.90370014704558,17.096299852954417,5697000.0,S.E Asia
SEAR,2019,MCV1,31313000.0,33323000.0,93.9681301203373,6.031869879662693,2010000.0,S.E Asia
SEAR,2019,MCV2,28301000.0,34043000.0,83.13309637811004,16.86690362188996,5742000.0,S.E Asia
SEAR,2019,PCV3,7838000.0,31963000.0,24.522103682382753,75.47789631761725,24125000.0,S.E Asia
SEAR,2019,Pol3,30121000.0,33323000.0,90.39102121657714,9.608978783422856,3202000.0,S.E Asia
SEAR,2019,RCV1,30977000.0,32980000.0,93.92662219526986,6.073377804730143,2003000.0,S.E Asia
SEAR,2019,Rotac,12193000.0,23005000.0,53.001521408389486,46.998478591610514,10812000.0,S.E Asia
SEAR,2020,BCG,29304000.0,33580000.0,87.26622989874926,12.733770101250741,4276000.0,S.E Asia
SEAR,2020,DTP1,28907000.0,32843000.0,88.0157111104345,11.984288889565505,3936000.0,S.E Asia
SEAR,2020,DTP3,28084000.0,32843000.0,85.50984989191,14.490150108090006,4759000.0,S.E Asia
SEAR,2020,Hepb3,28084000.0,32843000.0,85.50984989191,14.490150108090006,4759000.0,S.E Asia
SEAR,2020,Hepbb,17024000.0,29644000.0,57.428147348535965,42.571852651464035,12620000.0,S.E Asia
SEAR,2020,Hib3,27745000.0,32843000.0,84.47766647383004,15.522333526169959,5098000.0,S.E Asia
SEAR,2020,IPV1,25298000.0,32843000.0,77.02706817282221,22.97293182717779,7545000.0,S.E Asia
SEAR,2020,MCV1,28993000.0,32843000.0,88.27756295100934,11.722437048990656,3850000.0,S.E Asia
SEAR,2020,MCV2,26893000.0,33700000.0,79.80118694362017,20.198813056379834,6807000.0,S.E Asia
SEAR,2020,PCV3,9107000.0,31503000.0,28.908357934165004,71.091642065835,22396000.0,S.E Asia
SEAR,2020,Pol3,27965000.0,32843000.0,85.14752001948665,14.852479980513351,4878000.0,S.E Asia
SEAR,2020,RCV1,28656000.0,32502000.0,88.16688203802843,11.833117961971567,3846000.0,S.E Asia
SEAR,2020,Rotac,18969000.0,23496000.0,80.73289070480082,19.267109295199177,4527000.0,S.E Asia
SEAR,2021,BCG,28381000.0,33504000.0,84.70928844317096,15.290711556829038,5123000.0,S.E Asia
SEAR,2021,DTP1,28145000.0,32795000.0,85.8210093001982,14.178990699801801,4650000.0,S.E Asia
SEAR,2021,DTP3,27036000.0,32795000.0,82.43939624942827,17.56060375057173,5759000.0,S.E Asia
SEAR,2021,Hepb3,27036000.0,32795000.0,82.43939624942827,17.56060375057173,5759000.0,S.E Asia
SEAR,2021,Hepbb,16931000.0,29568000.0,57.26122835497836,42.73877164502164,12637000.0,S.E Asia
SEAR,2021,Hib3,26902000.0,32795000.0,82.03079737764904,17.969202622350963,5893000.0,S.E Asia
SEAR,2021,IPV1,26001000.0,32795000.0,79.28342735173045,20.716572648269548,6794000.0,S.E Asia
SEAR,2021,MCV1,28184000.0,32795000.0,85.93992986735783,14.060070132642167,4611000.0,S.E Asia
SEAR,2021,MCV2,25886000.0,33392000.0,77.5215620507906,22.478437949209393,7506000.0,S.E Asia
SEAR,2021,PCV3,9488000.0,31472000.0,30.147432638535843,69.85256736146415,21984000.0,S.E Asia
SEAR,2021,Pol3,26994000.0,32795000.0,82.31132794633328,17.68867205366672,5801000.0,S.E Asia
SEAR,2021,RCV1,28041000.0,32455000.0,86.39963025727931,13.600369742720687,4414000.0,S.E Asia
SEAR,2021,Rotac,19981000.0,24754000.0,80.7182677547063,19.281732245293696,4773000.0,S.E Asia
WPR,2015,BCG,23865000.0,24752000.0,96.41645119586296,3.5835488041370382,887000.0,W. Pacific
WPR,2015,DTP1,24055000.0,24870000.0,96.72295938882188,3.2770406111781227,815000.0,W. Pacific
WPR,2015,DTP3,23771000.0,24870000.0,95.58102131081625,4.418978689183746,1099000.0,W. Pacific
WPR,2015,Hepb3,22823000.0,23851000.0,95.68990817995052,4.310091820049479,1028000.0,W. Pacific
WPR,2015,Hepbb,20848000.0,23549000.0,88.5302985264767,11.469701473523301,2701000.0,W. Pacific
WPR,2015,Hib3,6637000.0,7558000.0,87.8142365705213,12.185763429478698,921000.0,W. Pacific
WPR,2015,IPV1,2770500.0,3016000.0,91.86007957559681,8.139920424403186,245500.0,W. Pacific
WPR,2015,MCV1,23872000.0,24870000.0,95.9871330920788,4.012866907921193,998000.0,W. Pacific
WPR,2015,MCV2,24143000.0,25723000.0,93.85763713408234,6.1423628659176615,1580000.0,W. Pacific
WPR,2015,PCV3,3030000.0,5405000.0,56.05920444033302,43.94079555966698,2375000.0,W. Pacific
WPR,2015,Pol3,23923000.0,24870000.0,96.19219943707277,3.807800562927227,947000.0,W. Pacific
WPR,2015,RCV1,23103000.0,24870000.0,92.8950542822678,7.104945717732207,1767000.0,W. Pacific
WPR,2015,Rotac,328000.0,2673000.0,12.270856715301159,87.72914328469884,2345000.0,W. Pacific
WPR,2016,BCG,24831000.0,25468000.0,97.4988220512015,2.5011779487984995,637000.0,W. Pacific
WPR,2016,DTP1,24877000.0,25599000.0,97.17957732723934,2.8204226727606567,722000.0,W. Pacific
WPR,2016,DTP3,24722000.0,25599000.0,96.5740849251924,3.4259150748076053,877000.0,W. Pacific
WPR,2016,Hepb3,23759000.0,24610000.0,96.54205607476636,3.4579439252336357,851000.0,W. Pacific
WPR,2016,Hepbb,21581000.0,24295000.0,88.82897715579338,11.171022844206618,2714000.0,W. Pacific
WPR,2016,Hib3,6741000.0,7447000.0,90.5196723512824,9.480327648717605,706000.0,W. Pacific
WPR,2016,IPV1,3992000.0,5864000.0,68.07639836289222,31.92360163710778,1872000.0,W. Pacific
WPR,2016,MCV1,24598000.0,25599000.0,96.08969100355482,3.910308996445181,1001000.0,W. Pacific
WPR,2016,MCV2,24084000.0,25487000.0,94.49523286381293,5.50476713618707,1403000.0,W. Pacific
WPR,2016,PCV3,3486000.0,5317000.0,65.56328756817754,34.43671243182246,1831000.0,W. Pacific
WPR,2016,Pol3,24648000.0,25599000.0,96.2850111332474,3.7149888667526056,951000.0,W. Pacific
WPR,2016,RCV1,24538000.0,25599000.0,95.85530684792374,4.1446931520762575,1061000.0,W. Pacific
WPR,2016,Rotac,331000.0,393000.0,84.22391857506362,15.776081424936379,62000.0,W. Pacific
WPR,2017,BCG,24612000.0,25460000.0,96.66928515318146,3.3307148468185375,848000.0,W. Pacific
WPR,2017,DTP1,24759000.0,25608000.0,96.68462980318651,3.3153701968134897,849000.0,W. Pacific
WPR,2017,DTP3,24594000.0,25608000.0,96.04029990627929,3.9597000937207127,1014000.0,W. Pacific
WPR,2017,Hepb3,23690000.0,24692000.0,95.94200550785679,4.057994492143209,1002000.0,W. Pacific
WPR,2017,Hepbb,21862000.0,24536000.0,89.10172807303553,10.898271926964469,2674000.0,W. Pacific
WPR,2017,Hib3,6465000.0,7302000.0,88.53738701725554,11.46261298274446,837000.0,W. Pacific
WPR,2017,IPV1,22320000.0,24043000.0,92.83367300253713,7.166326997462875,1723000.0,W. Pacific
WPR,2017,MCV1,24513000.0,25608000.0,95.72399250234301,4.276007497656991,1095000.0,W. Pacific
WPR,2017,MCV2,23756000.0,25257000.0,94.05709308310567,5.94290691689433,1501000.0,W. Pacific
WPR,2017,PCV3,3309000.0,5267000.0,62.82513764951585,37.17486235048415,1958000.0,W. Pacific
WPR,2017,Pol3,24564000.0,25608000.0,95.92314901593252,4.076850984067477,1044000.0,W. Pacific
WPR,2017,RCV1,24453000.0,25608000.0,95.4896907216495,4.510309278350505,1155000.0,W. Pacific
WPR,2017,Rotac,354000.0,397000.0,89.16876574307305,10.831234256926948,43000.0,W. Pacific
WPR,2018,BCG,21460000.0,22445000.0,95.61149476498106,4.38850523501894,985000.0,W. Pacific
WPR,2018,DTP1,21404000.0,22621000.0,94.62004332257636,5.379956677423635,1217000.0,W. Pacific
WPR,2018,DTP3,21229000.0,22621000.0,93.84642588744971,6.153574112550288,1392000.0,W. Pacific
WPR,2018,Hepb3,20363000.0,21737000.0,93.67898054009292,6.3210194599070775,1374000.0,W. Pacific
WPR,2018,Hepbb,18869000.0,21553000.0,87.54697721894864,12.45302278105136,2684000.0,W. Pacific
WPR,2018,Hib3,5976000.0,7211000.0,82.87338787962835,17.126612120371647,1235000.0,W. Pacific
WPR,2018,IPV1,19972000.0,22547000.0,88.57941189515235,11.420588104847653,2575000.0,W. Pacific
WPR,2018,MCV1,21555000.0,22621000.0,95.28756465231422,4.712435347685783,1066000.0,W. Pacific
WPR,2018,MCV2,23565000.0,25026000.0,94.16207144569647,5.837928554303531,1461000.0,W. Pacific
WPR,2018,PCV3,3473000.0,5190000.0,66.91714836223507,33.08285163776493,1717000.0,W. Pacific
WPR,2018,Pol3,21556000.0,22621000.0,95.29198532337209,4.708014676627911,1065000.0,W. Pacific
WPR,2018,RCV1,21451000.0,22621000.0,94.8278148622961,5.172185137703906,1170000.0,W. Pacific
WPR,2018,Rotac,359000.0,401000.0,89.52618453865337,10.473815461346632,42000.0,W. Pacific
WPR,2019,BCG,20335000.0,21479000.0,94.6738674984869,5.326132501513101,1144000.0,W. Pacific
WPR,2019,DTP1,20594000.0,21665000.0,95.05654281098546,4.943457189014538,1071000.0,W. Pacific
WPR,2019,DTP3,20377000.0,21665000.0,94.05492730210017,5.945072697899832,1288000.0,W. Pacific
WPR,2019,Hepb3,20381000.0,21665000.0,94.0733902607893,5.926609739210704,1284000.0,W. Pacific
WPR,2019,Hepbb,18389000.0,20636000.0,89.1112618724559,10.888738127544102,2247000.0,W. Pacific
WPR,2019,Hib3,5969000.0,7114000.0,83.90497610345797,16.09502389654203,1145000.0,W. Pacific
WPR,2019,IPV1,20121000.0,21665000.0,92.87329794599584,7.126702054004156,1544000.0,W. Pacific
WPR,2019,MCV1,20519000.0,21665000.0,94.71036233556427,5.28963766443573,1146000.0,W. Pacific
WPR,2019,MCV2,23964000.0,25718000.0,93.17987401819737,6.820125981802633,1754000.0,W. Pacific
WPR,2019,PCV3,3650000.0,5107000.0,71.47053064421382,28.529469355786176,1457000.0,W. Pacific
WPR,2019,Pol3,20568000.0,21665000.0,94.9365335795061,5.063466420493896,1097000.0,W. Pacific
WPR,2019,RCV1,20474000.0,21665000.0,94.50265405031156,5.497345949688437,1191000.0,W. Pacific
WPR,2019,Rotac,357000.0,392000.0,91.07142857142857,8.92857142857143,35000.0,W. Pacific
WPR,2020,BCG,17759000.0,19059000.0,93.17907550238732,6.82092449761268,1300000.0,W. Pacific
WPR,2020,DTP1,18231000.0,19257000.0,94.67206730020253,5.327932699797472,1026000.0,W. Pacific
WPR,2020,DTP3,18052000.0,19257000.0,93.74253518201174,6.257464817988264,1205000.0,W. Pacific
WPR,2020,Hepb3,18024000.0,19257000.0,93.5971335098925,6.402866490107499,1233000.0,W. Pacific
WPR,2020,Hepbb,15840000.0,18231000.0,86.88497613954253,13.11502386045747,2391000.0,W. Pacific
WPR,2020,Hib3,5987000.0,7078000.0,84.58604125459169,15.413958745408308,1091000.0,W. Pacific
WPR,2020,IPV1,17882000.0,19257000.0,92.85973931557355,7.140260684426451,1375000.0,W. Pacific
WPR,2020,MCV1,18105000.0,19257000.0,94.017759775666,5.9822402243340065,1152000.0,W. Pacific
WPR,2020,MCV2,22758000.0,24304000.0,93.63890717577354,6.361092824226461,1546000.0,W. Pacific
WPR,2020,PCV3,3957000.0,5081000.0,77.87837039952765,22.121629600472346,1124000.0,W. Pacific
WPR,2020,Pol3,17881000.0,19257000.0,92.85454639871216,7.145453601287841,1376000.0,W. Pacific
WPR,2020,RCV1,18105000.0,19257000.0,94.017759775666,5.9822402243340065,1152000.0,W. Pacific
WPR,2020,Rotac,361000.0,405000.0,89.13580246913581,10.864197530864189,44000.0,W. Pacific
WPR,2021,BCG,15794000.0,17660000.0,89.43374858437146,10.566251415628543,1866000.0,W. Pacific
WPR,2021,DTP1,16281000.0,17870000.0,91.10800223838837,8.891997761611634,1589000.0,W. Pacific
WPR,2021,DTP3,16132000.0,17870000.0,90.27420257414661,9.725797425853386,1738000.0,W. Pacific
WPR,2021,Hepb3,16094000.0,17870000.0,90.06155567991047,9.93844432008953,1776000.0,W. Pacific
WPR,2021,Hepbb,14073000.0,16841000.0,83.56392138234071,16.43607861765929,2768000.0,W. Pacific
WPR,2021,Hib3,5396000.0,7041000.0,76.63684135776168,23.363158642238318,1645000.0,W. Pacific
WPR,2021,IPV1,16023000.0,17870000.0,89.66424174594292,10.335758254057083,1847000.0,W. Pacific
WPR,2021,MCV1,16216000.0,17870000.0,90.74426412982652,9.255735870173481,1654000.0,W. Pacific
WPR,2021,MCV2,20318000.0,22351000.0,90.90421010245626,9.095789897543739,2033000.0,W. Pacific
WPR,2021,PCV3,3556400.0,5086000.0,69.9252850963429,30.074714903657096,1529600.0,W. Pacific
WPR,2021,Pol3,16084000.0,17870000.0,90.00559597090096,9.994404029099044,1786000.0,W. Pacific
WPR,2021,RCV1,16216000.0,17870000.0,90.74426412982652,9.255735870173481,1654000.0,W. Pacific
WPR,2021,Rotac,381000.0,422000.0,90.28436018957346,9.715639810426538,41000.0,W. Pacific
REG_GLOBAL,2015,BCG,121155000.0,138460000.0,87.50180557561751,12.49819442438249,17305000.0,Global
REG_GLOBAL,2015,DTP1,128513000.0,143808000.0,89.36429127725857,10.635708722741427,15295000.0,Global
REG_GLOBAL,2015,DTP3,121641000.0,143808000.0,84.58569759679573,15.414302403204275,22167000.0,Global
REG_GLOBAL,2015,Hepb3,118870000.0,141638000.0,83.92521780878013,16.074782191219867,22768000.0,Global
REG_GLOBAL,2015,Hepbb,53507000.0,80597000.0,66.38832710894947,33.61167289105053,27090000.0,Global
REG_GLOBAL,2015,Hib3,91514000.0,123826000.0,73.90531875373509,26.094681246264912,32312000.0,Global
REG_GLOBAL,2015,IPV1,38093500.0,87242000.0,43.66417551179478,56.33582448820522,49148500.0,Global
REG_GLOBAL,2015,MCV1,121249000.0,143808000.0,84.3131119270138,15.686888072986207,22559000.0,Global
REG_GLOBAL,2015,MCV2,88022000.0,115093000.0,76.47902131319888,23.520978686801115,27071000.0,Global
REG_GLOBAL,2015,PCV3,54577000.0,76225000.0,71.59986880944572,28.400131190554276,21648000.0,Global
REG_GLOBAL,2015,Pol3,121989000.0,143808000.0,84.82768691588785,15.172313084112147,21819000.0,Global
REG_GLOBAL,2015,RCV1,66471000.0,71967000.0,92.36316645129018,7.6368335487098165,5496000.0,Global
REG_GLOBAL,2015,Rotac,30884000.0,43919000.0,70.32036248548465,29.67963751451535,13035000.0,Global
REG_GLOBAL,2015,YFV,16684000.0,30370000.0,54.93579189990122,45.06420810009878,13686000.0,Global
REG_GLOBAL,2016,BCG,123654000.0,139109000.0,88.89000711672142,11.10999288327858,15455000.0,Global
REG_GLOBAL,2016,DTP1,130135000.0,144625000.0,89.980985306828,10.019014693171997,14490000.0,Global
REG_GLOBAL,2016,DTP3,123921000.0,144625000.0,85.68435609334486,14.31564390665514,20704000.0,Global
REG_GLOBAL,2016,Hepb3,121325000.0,142483000.0,85.15050918355172,14.84949081644828,21158000.0,Global
REG_GLOBAL,2016,Hepbb,54498000.0,81694000.0,66.709917497001,33.290082502999,27196000.0,Global
REG_GLOBAL,2016,Hib3,101345000.0,123874000.0,81.81297124497473,18.187028755025267,22529000.0,Global
REG_GLOBAL,2016,IPV1,64694000.0,104445000.0,61.94073435779597,38.05926564220403,39751000.0,Global
REG_GLOBAL,2016,MCV1,122249000.0,144625000.0,84.52826274848746,15.471737251512536,22376000.0,Global
REG_GLOBAL,2016,MCV2,93976000.0,117555000.0,79.94215473608098,20.05784526391902,23579000.0,Global
REG_GLOBAL,2016,PCV3,60120000.0,80588000.0,74.60167766913189,25.398322330868112,20468000.0,Global
REG_GLOBAL,2016,Pol3,122672000.0,144625000.0,84.82074330164218,15.179256698357818,21953000.0,Global
REG_GLOBAL,2016,RCV1,68002000.0,72778000.0,93.43757728984033,6.562422710159666,4776000.0,Global
REG_GLOBAL,2016,Rotac,33448000.0,66047000.0,50.64272412070192,49.35727587929808,32599000.0,Global
REG_GLOBAL,2016,YFV,15917000.0,30687000.0,51.86886955388276,48.13113044611724,14770000.0,Global
REG_GLOBAL,2017,BCG,124221000.0,138758000.0,89.52348693408668,10.476513065913323,14537000.0,Global
REG_GLOBAL,2017,DTP1,130246000.0,144199000.0,90.32378865318067,9.67621134681933,13953000.0,Global
REG_GLOBAL,2017,DTP3,123616000.0,144199000.0,85.72597590829339,14.274024091706607,20583000.0,Global
REG_GLOBAL,2017,Hepb3,121101000.0,142244000.0,85.13610415905065,14.863895840949354,21143000.0,Global
REG_GLOBAL,2017,Hepbb,61140500.0,90902000.0,67.2597962641086,32.7402037358914,29761500.0,Global
REG_GLOBAL,2017,Hib3,102967000.0,123509000.0,83.36801366702021,16.631986332979793,20542000.0,Global
REG_GLOBAL,2017,IPV1,88553000.0,127537000.0,69.43318409559579,30.56681590440421,38984000.0,Global
REG_GLOBAL,2017,MCV1,122448000.0,144199000.0,84.91598416077781,15.08401583922219,21751000.0,Global
REG_GLOBAL,2017,MCV2,95870000.0,117660000.0,81.48053714091449,18.519462859085507,21790000.0,Global
REG_GLOBAL,2017,PCV3,64702000.0,83314000.0,77.6604172167943,22.3395827832057,18612000.0,Global
REG_GLOBAL,2017,Pol3,123034000.0,144199000.0,85.32236700670602,14.677632993293983,21165000.0,Global
REG_GLOBAL,2017,RCV1,73629000.0,105495000.0,69.79382909142613,30.206170908573867,31866000.0,Global
REG_GLOBAL,2017,Rotac,37102200.0,73670000.0,50.362698520428935,49.637301479571065,36567800.0,Global
REG_GLOBAL,2017,YFV,17608000.0,31218000.0,56.403357037606504,43.596642962393496,13610000.0,Global
REG_GLOBAL,2018,BCG,121419000.0,135919000.0,89.33188148823932,10.668118511760682,14500000.0,Global
REG_GLOBAL,2018,DTP1,127197000.0,141280000.0,90.0318516421291,9.968148357870902,14083000.0,Global
REG_GLOBAL,2018,DTP3,120890000.0,141280000.0,85.5676670441676,14.432332955832393,20390000.0,Global
REG_GLOBAL,2018,Hepb3,118330000.0,139388000.0,84.89253020346085,15.10746979653915,21058000.0,Global
REG_GLOBAL,2018,Hepbb,60516500.0,87485000.0,69.17357261244786,30.826427387552144,26968500.0,Global
REG_GLOBAL,2018,Hib3,103105000.0,123588000.0,83.42638443861864,16.57361556138136,20483000.0,Global
REG_GLOBAL,2018,IPV1,103920000.0,137623000.0,75.51063412365666,24.489365876343342,33703000.0,Global
REG_GLOBAL,2018,MCV1,120618000.0,141280000.0,85.37514156285391,14.624858437146088,20662000.0,Global
REG_GLOBAL,2018,MCV2,98007000.0,118133000.0,82.96327021238773,17.036729787612273,20126000.0,Global
REG_GLOBAL,2018,PCV3,67349500.0,112494000.0,59.86941525770263,40.13058474229737,45144500.0,Global
REG_GLOBAL,2018,Pol3,120414000.0,141280000.0,85.23074745186862,14.769252548131377,20866000.0,Global
REG_GLOBAL,2018,RCV1,94524000.0,105501000.0,89.59535928569397,10.404640714306026,10977000.0,Global
REG_GLOBAL,2018,Rotac,47087500.0,76920000.0,61.216198647945916,38.783801352054084,29832500.0,Global
REG_GLOBAL,2018,YFV,18720000.0,31646000.0,59.1543955002212,40.8456044997788,12926000.0,Global
REG_GLOBAL,2019,BCG,118668000.0,134308000.0,88.35512404324388,11.644875956756124,15640000.0,Global
REG_GLOBAL,2019,DTP1,125752000.0,139639000.0,90.0550705748394,9.944929425160595,13887000.0,Global
REG_GLOBAL,2019,DTP3,119483000.0,139639000.0,85.56563710711191,14.434362892888089,20156000.0,Global
REG_GLOBAL,2019,Hepb3,118499000.0,139417000.0,84.99609086409835,15.003909135901651,20918000.0,Global
REG_GLOBAL,2019,Hepbb,62103000.0,86507000.0,71.78956616227589,28.21043383772411,24404000.0,Global
REG_GLOBAL,2019,Hib3,102835000.0,122942000.0,83.6451334775748,16.354866522425198,20107000.0,Global
REG_GLOBAL,2019,IPV1,117041000.0,139639000.0,83.81684199972787,16.18315800027213,22598000.0,Global
REG_GLOBAL,2019,MCV1,118961000.0,139639000.0,85.19181603993154,14.808183960068462,20678000.0,Global
REG_GLOBAL,2019,MCV2,100241000.0,130077000.0,77.06281663937514,22.937183360624857,29836000.0,Global
REG_GLOBAL,2019,PCV3,70263000.0,112342000.0,62.54383934770611,37.45616065229389,42079000.0,Global
REG_GLOBAL,2019,Pol3,119673000.0,139639000.0,85.70170224650707,14.298297753492932,19966000.0,Global
REG_GLOBAL,2019,RCV1,94791000.0,103816000.0,91.30673499267935,8.693265007320647,9025000.0,Global
REG_GLOBAL,2019,Rotac,53922000.0,84124000.0,64.09823593742571,35.90176406257429,30202000.0,Global
REG_GLOBAL,2019,YFV,19468000.0,31974000.0,60.88697066366423,39.11302933633577,12506000.0,Global
REG_GLOBAL,2020,BCG,112506000.0,131667000.0,85.44737861423137,14.552621385768632,19161000.0,Global
REG_GLOBAL,2020,DTP1,119786000.0,136908000.0,87.4937914511935,12.506208548806498,17122000.0,Global
REG_GLOBAL,2020,DTP3,112860000.0,136908000.0,82.43491980015777,17.565080199842228,24048000.0,Global
REG_GLOBAL,2020,Hepb3,112475000.0,136685000.0,82.28774188828328,17.71225811171672,24210000.0,Global
REG_GLOBAL,2020,Hepbb,59220000.0,85694000.0,69.10635517072375,30.893644829276255,26474000.0,Global
REG_GLOBAL,2020,Hib3,98891000.0,123296000.0,80.20617051648067,19.793829483519332,24405000.0,Global
REG_GLOBAL,2020,IPV1,111453000.0,136908000.0,81.40722236830572,18.592777631694275,25455000.0,Global
REG_GLOBAL,2020,MCV1,113189000.0,136908000.0,82.67522715984457,17.324772840155433,23719000.0,Global
REG_GLOBAL,2020,MCV2,100315000.0,130418000.0,76.91806345749819,23.081936542501808,30103000.0,Global
REG_GLOBAL,2020,PCV3,69908000.0,112469000.0,62.15757230881398,37.84242769118602,42561000.0,Global
REG_GLOBAL,2020,Pol3,112279000.0,136908000.0,82.01054722879599,17.989452771204014,24629000.0,Global
REG_GLOBAL,2020,RCV1,90494000.0,102393000.0,88.37908841424706,11.620911585752935,11899000.0,Global
REG_GLOBAL,2020,Rotac,62951000.0,85678000.0,73.47393730012371,26.52606269987629,22727000.0,Global
REG_GLOBAL,2020,YFV,19055000.0,32280000.0,59.03035935563816,40.96964064436184,13225000.0,Global
REG_GLOBAL,2021,BCG,109012000.0,130524000.0,83.51873984861021,16.48126015138979,21512000.0,Global
REG_GLOBAL,2021,DTP1,116870000.0,135889000.0,86.0040179852674,13.995982014732604,19019000.0,Global
REG_GLOBAL,2021,DTP3,109486000.0,135889000.0,80.57017124270544,19.42982875729456,26403000.0,Global
REG_GLOBAL,2021,Hepb3,109030000.0,135682000.0,80.3570112468861,19.642988753113897,26652000.0,Global
REG_GLOBAL,2021,Hepbb,57360500.0,84136000.0,68.17592944756109,31.82407055243891,26775500.0,Global
REG_GLOBAL,2021,Hib3,97099000.0,123667000.0,78.51649995552573,21.48350004447427,26568000.0,Global
REG_GLOBAL,2021,IPV1,109624000.0,135889000.0,80.67172471649656,19.328275283503444,26265000.0,Global
REG_GLOBAL,2021,MCV1,109462000.0,135889000.0,80.55250976900264,19.44749023099736,26427000.0,Global
REG_GLOBAL,2021,MCV2,97691500.0,129773000.0,75.27875598159864,24.721244018401364,32081500.0,Global
REG_GLOBAL,2021,PCV3,69076400.0,112938000.0,61.163116045972124,38.836883954027876,43861600.0,Global
REG_GLOBAL,2021,Pol3,108784000.0,135889000.0,80.05357313689849,19.946426863101507,27105000.0,Global
REG_GLOBAL,2021,RCV1,87474000.0,100828000.0,86.75566310945372,13.244336890546279,13354000.0,Global
REG_GLOBAL,2021,Rotac,65652000.0,87759000.0,74.80942125593955,25.190578744060446,22107000.0,Global
REG_GLOBAL,2021,YFV,19138000.0,32742000.0,58.45091930853338,41.54908069146662,13604000.0,Global
